2016-03-29,600458,11:03
2016-03-29,000537,13:54
2016-03-29,002344,14:03
2016-03-29,600011,10:49
2016-03-29,600433,13:05
2016-03-29,603023,13:42
2016-03-29,002080,13:09
2016-03-29,002143,11:07
2016-03-29,002707,10:47
2016-03-29,000801,13:42
2016-03-29,600262,10:47
2016-03-29,600647,10:42
2016-03-29,600071,10:55
2016-03-29,603227,11:25
2016-03-29,002788,13:17
2016-03-29,000705,10:39
2016-03-29,600292,11:01
2016-03-29,601965,13:38
2016-03-29,600192,11:15
2016-03-29,603993,11:10
2016-03-29,300010,13:42
2016-03-29,002231,11:06
2016-03-29,000429,14:10
2016-03-29,002092,11:13
2016-03-29,300212,13:04
2016-03-29,000532,13:23
2016-03-29,300121,11:26
2016-03-29,600026,11:01
2016-03-29,002121,11:19
2016-03-29,603901,14:06
2016-03-29,300273,11:26
2016-03-29,600029,11:17
2016-03-29,600217,11:04
2016-03-29,600886,11:05
2016-03-29,001896,14:02
2016-03-29,002579,10:38
2016-03-29,002014,13:50
2016-03-29,600704,11:03
2016-03-29,300064,13:44
2016-03-29,603566,14:04
2016-03-29,600482,10:31
2016-03-29,000422,14:19
2016-03-29,000697,10:41
2016-03-29,002114,10:55
2016-03-29,002495,10:55
2016-03-29,600116,10:39
2016-03-29,600075,11:23
2016-03-29,600377,10:52
2016-03-29,002421,11:29
2016-03-29,300356,13:50
2016-03-29,002176,11:16
2016-03-29,000029,14:10
2016-03-29,002234,14:21
2016-03-29,600810,13:12
2016-03-29,002787,13:24
2016-03-29,000816,13:59
2016-03-29,600479,10:43
2016-03-29,300413,14:04
2016-03-29,603308,14:05
2016-03-29,600552,13:56
2016-03-29,002616,10:30
2016-03-29,000156,14:02
2016-03-29,002010,11:25
2016-03-29,000777,13:06
2016-03-29,002581,10:44
2016-03-29,002195,10:56
2016-03-29,002682,13:35
2016-03-29,300203,11:09
2016-03-29,000589,11:05
2016-03-29,600593,13:48
2016-03-29,002286,10:34
2016-03-29,000851,13:58
2016-03-29,002440,13:03
2016-03-29,002105,13:25
2016-03-29,600291,14:01
2016-03-29,600236,10:49
2016-03-29,600266,10:38
2016-03-29,601218,13:39
2016-03-29,000876,13:12
2016-03-29,002756,14:04
2016-03-29,002185,13:25
2016-03-29,000862,13:47
2016-03-29,600240,11:00
2016-03-29,000816,14:07
2016-03-29,300318,14:07
2016-03-29,002185,13:43
2016-03-29,000563,11:26
2016-03-29,600159,10:55
2016-03-29,002656,13:10
2016-03-29,600809,14:00
2016-03-29,603589,14:26
2016-03-29,600053,13:12
2016-03-29,300182,14:01
2016-03-29,000639,13:36
2016-03-29,300172,14:07
2016-03-29,002064,14:22
2016-03-29,002363,11:21
2016-03-29,600399,13:27
2016-03-29,000793,13:14
2016-03-29,300441,14:21
2016-03-29,300219,13:12
2016-03-29,600685,10:51
2016-03-29,000789,14:05
2016-03-29,600677,13:23
2016-03-29,603309,13:04
2016-03-29,002563,13:16
2016-03-29,600240,13:47
2016-03-29,600216,11:28
2016-03-29,000061,11:06
2016-03-29,600810,13:40
2016-03-29,002196,14:01
2016-03-29,300121,13:42
2016-03-29,300468,10:36
2016-03-29,000969,13:31
2016-03-29,002444,11:28
2016-03-29,002634,11:18
2016-03-29,300376,11:15
2016-03-29,601607,13:58
2016-03-29,002188,10:59
2016-03-29,600833,11:06
2016-03-29,600983,10:33
2016-03-29,000615,10:54
2016-03-29,000812,11:24
2016-03-29,002413,14:09
2016-03-29,600143,14:12
2016-03-29,600876,13:02
2016-03-29,002418,13:26
2016-03-29,600116,11:13
2016-03-29,603368,11:11
2016-03-29,002074,10:46
2016-03-29,002078,10:53
2016-03-29,600614,13:08
2016-03-29,000623,11:20
2016-03-29,600151,10:40
2016-03-29,300040,13:13
2016-03-29,600555,14:16
2016-03-29,600180,13:35
2016-03-29,300166,10:47
2016-03-29,600066,13:21
2016-03-29,300421,13:24
2016-03-29,002740,13:51
2016-03-29,603008,13:07
2016-03-29,000521,13:35
2016-03-29,600628,13:27
2016-03-29,002316,13:16
2016-03-29,002537,13:47
2016-03-29,600702,13:59
2016-03-29,603936,14:06
2016-03-29,600653,10:46
2016-03-29,300031,14:05
2016-03-29,300219,11:03
2016-03-29,600373,14:12
2016-03-29,000678,11:24
2016-03-29,300314,14:14
2016-03-29,002106,14:08
2016-03-29,002310,13:35
2016-03-29,300493,13:32
2016-03-29,600053,13:33
2016-03-29,600112,14:20
2016-03-29,600478,10:36
2016-03-29,000560,13:30
2016-03-29,600328,13:33
2016-03-29,600578,11:00
2016-03-29,601800,13:54
2016-03-29,600229,14:04
2016-03-29,603006,10:37
2016-03-29,002260,11:06
2016-03-29,300199,14:10
2016-03-29,603015,10:42
2016-03-29,600704,13:01
2016-03-29,600783,11:02
2016-03-29,000673,13:52
2016-03-29,300372,10:59
2016-03-29,601928,14:26
2016-03-29,600101,10:48
2016-03-29,002020,13:29
2016-03-29,300497,11:00
2016-03-29,002216,14:22
2016-03-29,002175,13:43
2016-03-29,000045,14:11
2016-03-29,600028,10:55
2016-03-29,002628,13:29
2016-03-29,000629,13:22
2016-03-29,600373,14:10
2016-03-29,002597,10:43
2016-03-29,600151,13:44
2016-03-29,002045,14:03
2016-03-29,600048,14:03
2016-03-29,000010,14:08
2016-03-29,002472,14:00
2016-03-29,600070,10:45
2016-03-29,300468,13:47
2016-03-29,000909,13:20
2016-03-29,002342,13:50
2016-03-29,002768,14:26
2016-03-29,600050,11:24
2016-03-29,002203,10:49
2016-03-29,600498,13:27
2016-03-29,002260,13:20
2016-03-29,600617,10:44
2016-03-29,002428,14:25
2016-03-29,002375,10:43
2016-03-29,300329,13:01
2016-03-29,002063,13:47
2016-03-29,002325,10:49
2016-03-29,600300,14:06
2016-03-29,000011,10:55
2016-03-29,600610,13:47
2016-03-29,002741,13:16
2016-03-29,600796,13:42
2016-03-29,000672,14:16
2016-03-29,002289,13:53
2016-03-29,002480,10:56
2016-03-29,000678,13:39
2016-03-29,600689,11:26
2016-03-29,600060,14:08
2016-03-29,600993,13:22
2016-03-29,600268,13:28
2016-03-29,600960,13:12
2016-03-29,300466,11:13
2016-03-29,300337,13:39
2016-03-29,002210,14:05
2016-03-29,002443,14:05
2016-03-29,002587,13:05
2016-03-29,600665,10:50
2016-03-29,000570,13:08
2016-03-29,300427,14:04
2016-03-29,000025,11:28
2016-03-29,300354,14:10
2016-03-29,600057,14:23
2016-03-29,601988,14:14
2016-03-29,600101,13:11
2016-03-29,600796,13:35
2016-03-29,002461,13:34
2016-03-29,600533,14:00
2016-03-29,603883,14:20
2016-03-29,600637,13:50
2016-03-29,600336,14:23
2016-03-29,600743,11:16
2016-03-29,002075,11:03
2016-03-29,000419,13:25
2016-03-29,600619,10:31
2016-03-29,601929,13:25
2016-03-29,600282,13:38
2016-03-29,601566,13:01
2016-03-29,603703,13:41
2016-03-29,600970,11:12
2016-03-29,002701,13:11
2016-03-29,002245,10:40
2016-03-29,600723,11:06
2016-03-29,002689,10:35
2016-03-29,601601,14:22
2016-03-29,600501,13:10
2016-03-29,300031,14:05
2016-03-29,600503,14:08
2016-03-29,600506,14:29
2016-03-29,000813,11:11
2016-03-29,002584,13:50
2016-03-29,600706,13:42
2016-03-29,002423,11:07
2016-03-29,002701,10:55
2016-03-29,002601,11:18
2016-03-29,600661,11:03
2016-03-29,300193,13:18
2016-03-29,600750,13:42
2016-03-29,000762,10:46
2016-03-29,600697,13:09
2016-03-29,002730,11:14
2016-03-29,600889,13:47
2016-03-29,000698,13:48
2016-03-29,600682,13:41
2016-03-29,000915,10:30
2016-03-29,002514,10:33
2016-03-29,002098,14:22
2016-03-29,000498,11:20
2016-03-29,603377,10:56
2016-03-29,002124,11:10
2016-03-29,600008,10:38
2016-03-29,002453,10:53
2016-03-29,002743,14:28
2016-03-29,600887,11:22
2016-03-29,002584,13:36
2016-03-29,600896,10:30
2016-03-29,000009,11:27
2016-03-29,601177,13:22
2016-03-29,600698,13:47
2016-03-29,000536,13:57
2016-03-29,600696,13:38
2016-03-29,000758,13:18
2016-03-29,600216,14:02
2016-03-29,600408,14:23
2016-03-29,000020,13:59
2016-03-29,000623,13:34
2016-03-29,002446,13:34
2016-03-29,002068,14:13
2016-03-29,002293,13:53
2016-03-29,000537,13:15
2016-03-29,000635,10:48
2016-03-29,600614,10:37
2016-03-29,603766,11:05
2016-03-29,000822,10:32
2016-03-29,300203,13:06
2016-03-29,000065,10:32
2016-03-29,600960,10:57
2016-03-29,600582,14:20
2016-03-29,002092,11:08
2016-03-29,600159,11:07
2016-03-29,600118,13:01
2016-03-29,601098,11:08
2016-03-29,002343,11:08
2016-03-29,002193,11:10
2016-03-29,601908,14:08
2016-03-29,600070,10:55
2016-03-29,600212,13:45
2016-03-29,002686,14:16
2016-03-29,603699,13:57
2016-03-29,002536,11:15
2016-03-29,300195,11:01
2016-03-28,600545,10:40
2016-03-28,600232,10:45
2016-03-28,000008,13:16
2016-03-28,002775,10:50
2016-03-28,002550,13:47
2016-03-28,002757,13:59
2016-03-28,002121,13:21
2016-03-28,002127,13:20
2016-03-28,300289,14:07
2016-03-28,300409,14:15
2016-03-28,600708,10:39
2016-03-28,300459,10:56
2016-03-28,600983,13:19
2016-03-28,002030,13:16
2016-03-28,601188,11:05
2016-03-28,000558,13:05
2016-03-28,300502,13:04
2016-03-28,600231,14:16
2016-03-28,002528,11:28
2016-03-28,300165,13:54
2016-03-28,002498,13:30
2016-03-28,600150,13:12
2016-03-28,002092,13:45
2016-03-28,300253,13:22
2016-03-28,002693,10:41
2016-03-28,002277,13:03
2016-03-28,002095,14:22
2016-03-28,000050,13:08
2016-03-28,000020,14:05
2016-03-28,600783,14:29
2016-03-28,002539,13:46
2016-03-28,000748,11:17
2016-03-28,600022,13:25
2016-03-28,300049,10:47
2016-03-28,002604,13:35
2016-03-28,600121,13:47
2016-03-28,000809,10:53
2016-03-28,002689,10:47
2016-03-28,601633,11:07
2016-03-28,002215,10:39
2016-03-28,002041,13:04
2016-03-28,002016,13:21
2016-03-28,300203,13:49
2016-03-28,300375,14:14
2016-03-28,002521,11:28
2016-03-28,002212,11:04
2016-03-28,002511,11:01
2016-03-28,000428,10:42
2016-03-28,000050,10:58
2016-03-28,300088,13:44
2016-03-28,300190,13:50
2016-03-28,600143,13:49
2016-03-28,600085,14:24
2016-03-28,002495,10:56
2016-03-28,603118,14:26
2016-03-28,300468,13:09
2016-03-28,600359,11:02
2016-03-28,002475,10:53
2016-03-28,300165,13:45
2016-03-28,000828,14:11
2016-03-28,002511,13:44
2016-03-28,000609,11:21
2016-03-28,300363,14:25
2016-03-28,601028,13:47
2016-03-28,600160,10:43
2016-03-28,002121,13:09
2016-03-28,600321,10:52
2016-03-28,601199,10:42
2016-03-28,600868,13:10
2016-03-28,300250,13:50
2016-03-28,002712,11:01
2016-03-28,600776,13:59
2016-03-28,002629,10:37
2016-03-28,000810,13:46
2016-03-28,000543,13:47
2016-03-28,600893,13:59
2016-03-28,002782,10:51
2016-03-28,000019,11:24
2016-03-28,002296,10:59
2016-03-28,600543,11:06
2016-03-28,600567,14:01
2016-03-28,600295,10:34
2016-03-28,000532,11:14
2016-03-28,600331,13:44
2016-03-28,600660,11:02
2016-03-28,002556,14:05
2016-03-28,300386,11:07
2016-03-28,603168,13:19
2016-03-28,600640,11:04
2016-03-28,600863,11:18
2016-03-28,601166,13:07
2016-03-28,600193,10:45
2016-03-28,002286,11:22
2016-03-28,601311,14:19
2016-03-28,002588,14:19
2016-03-28,600490,13:36
2016-03-28,600188,10:48
2016-03-28,000768,14:29
2016-03-28,600022,10:43
2016-03-28,300400,10:31
2016-03-28,300427,11:05
2016-03-28,600807,11:18
2016-03-28,002213,13:14
2016-03-28,002458,13:39
2016-03-28,600368,10:30
2016-03-28,600370,10:47
2016-03-28,600823,11:00
2016-03-28,600128,14:14
2016-03-28,002190,14:00
2016-03-28,600719,13:23
2016-03-28,300118,14:17
2016-03-28,002111,11:10
2016-03-28,600698,11:02
2016-03-28,300109,11:12
2016-03-28,000819,14:08
2016-03-28,002506,13:21
2016-03-28,002391,13:47
2016-03-28,601009,13:50
2016-03-28,002776,14:23
2016-03-28,600501,14:13
2016-03-28,002155,14:19
2016-03-28,300169,10:36
2016-03-28,600695,11:05
2016-03-28,002669,11:02
2016-03-28,002408,10:56
2016-03-28,300307,14:07
2016-03-28,002765,14:20
2016-03-28,601390,14:15
2016-03-28,002528,10:59
2016-03-28,300318,11:24
2016-03-28,600612,10:30
2016-03-28,002481,13:19
2016-03-28,300177,11:12
2016-03-28,600399,13:23
2016-03-28,600149,10:54
2016-03-28,601928,13:11
2016-03-28,600830,14:27
2016-03-28,300314,10:45
2016-03-28,000513,10:41
2016-03-28,000976,13:32
2016-03-28,300021,11:03
2016-03-28,000671,13:46
2016-03-28,000978,14:05
2016-03-28,000848,10:42
2016-03-28,002147,11:25
2016-03-28,600397,13:38
2016-03-28,600757,13:01
2016-03-28,300162,10:34
2016-03-28,600831,10:52
2016-03-28,002206,10:41
2016-03-28,600510,10:33
2016-03-28,600325,14:02
2016-03-28,002355,14:24
2016-03-28,600448,10:59
2016-03-28,000777,14:06
2016-03-28,600595,14:19
2016-03-28,601369,14:00
2016-03-28,600823,11:21
2016-03-28,002078,14:20
2016-03-28,002632,11:13
2016-03-28,000005,10:46
2016-03-28,000812,11:23
2016-03-28,601600,13:37
2016-03-28,000933,14:18
2016-03-28,600125,13:33
2016-03-28,002402,13:05
2016-03-28,600980,10:33
2016-03-28,000779,11:09
2016-03-28,000650,14:15
2016-03-28,300185,10:33
2016-03-28,603818,11:06
2016-03-28,600726,11:07
2016-03-28,002428,11:09
2016-03-28,603520,10:31
2016-03-28,000565,13:06
2016-03-28,000972,13:52
2016-03-28,600657,11:06
2016-03-28,300463,14:14
2016-03-28,600528,14:01
2016-03-28,600336,13:37
2016-03-28,002585,14:19
2016-03-28,600639,14:15
2016-03-28,000030,14:18
2016-03-28,000861,11:15
2016-03-28,600084,13:05
2016-03-28,002785,13:45
2016-03-28,300242,11:11
2016-03-28,000652,13:29
2016-03-28,002144,11:16
2016-03-28,300228,11:24
2016-03-28,002261,14:22
2016-03-28,002719,10:38
2016-03-28,002167,10:38
2016-03-28,002067,13:18
2016-03-28,600231,13:47
2016-03-28,002242,11:00
2016-03-28,600305,13:50
2016-03-28,300501,10:54
2016-03-28,000006,10:44
2016-03-28,600208,11:17
2016-03-28,002498,11:22
2016-03-28,002589,13:03
2016-03-28,300469,13:37
2016-03-28,600880,13:25
2016-03-28,600567,11:27
2016-03-28,600121,10:30
2016-03-28,001979,14:20
2016-03-28,002421,13:19
2016-03-28,300170,13:43
2016-03-28,300471,14:05
2016-03-28,002483,14:21
2016-03-28,601801,14:14
2016-03-28,600285,13:01
2016-03-28,600219,13:14
2016-03-28,000020,10:34
2016-03-28,600783,14:25
2016-03-28,300004,10:57
2016-03-28,000708,10:58
2016-03-28,600971,11:12
2016-03-28,002302,13:33
2016-03-28,601996,14:21
2016-03-28,002699,14:24
2016-03-28,000905,13:43
2016-03-28,002126,13:18
2016-03-28,000610,14:17
2016-03-28,002019,11:20
2016-03-28,603993,10:31
2016-03-28,600965,10:40
2016-03-28,600678,13:58
2016-03-28,600323,13:57
2016-03-28,600687,11:06
2016-03-28,002397,10:39
2016-03-28,000099,10:48
2016-03-28,600543,10:46
2016-03-28,600579,13:25
2016-03-28,600146,13:10
2016-03-28,000333,10:47
2016-03-28,000778,10:45
2016-03-28,002371,10:45
2016-03-28,600397,11:21
2016-03-28,600061,10:39
2016-03-28,002613,10:35
2016-03-28,300354,14:30
2016-03-28,300041,11:28
2016-03-28,300367,13:48
2016-03-28,002753,14:20
2016-03-28,300131,11:13
2016-03-28,000779,14:20
2016-03-28,002253,11:00
2016-03-28,002651,13:02
2016-03-28,600963,13:50
2016-03-28,601137,13:25
2016-03-28,002394,13:15
2016-03-28,600270,14:09
2016-03-28,300339,13:59
2016-03-28,300140,10:44
2016-03-28,600824,10:45
2016-03-28,600718,11:24
2016-03-28,000066,10:32
2016-03-28,600321,13:19
2016-03-28,600076,14:29
2016-03-28,002498,13:43
2016-03-28,600995,11:08
2016-03-28,002445,11:06
2016-03-28,000825,11:15
2016-03-28,002364,13:45
2016-03-28,600054,13:24
2016-03-28,300431,11:17
2016-03-28,000595,11:12
2016-03-28,000725,13:01
2016-03-28,300353,13:59
2016-03-28,600089,11:30
2016-03-28,600698,13:39
2016-03-28,000892,13:51
2016-03-28,300301,11:17
2016-03-28,002510,14:17
2016-03-28,000511,11:28
2016-03-28,002458,14:05
2016-03-28,603998,11:08
2016-03-28,002215,10:55
2016-03-28,300209,13:16
2016-03-28,300130,13:08
2016-03-28,002139,13:42
2016-03-28,000977,11:22
2016-03-28,000501,11:04
2016-03-28,600966,13:28
2016-03-28,601919,10:30
2016-03-28,600031,13:12
2016-03-28,600376,14:29
2016-03-28,601009,10:35
2016-03-28,000668,10:40
2016-03-28,002502,13:32
2016-03-28,002358,14:01
2016-03-28,000563,13:20
2016-03-28,002736,14:06
2016-03-28,000923,14:30
2016-03-28,300251,11:14
2016-03-28,002451,13:20
2016-03-28,000880,13:18
2016-03-28,300085,14:01
2016-03-28,002175,13:30
2016-03-28,002511,13:02
2016-03-28,601519,10:55
2016-03-28,300029,11:15
2016-03-28,600376,14:22
2016-03-28,002041,13:56
2016-03-28,300307,13:24
2016-03-28,600895,13:19
2016-03-28,600616,14:26
2016-03-28,600543,11:27
2016-03-28,000544,13:08
2016-03-28,600975,13:33
2016-03-28,000517,10:38
2016-03-25,002316,13:25
2016-03-25,002661,14:15
2016-03-25,601177,10:57
2016-03-25,000868,10:32
2016-03-25,000407,14:18
2016-03-25,000731,10:33
2016-03-25,600372,11:15
2016-03-25,002789,14:22
2016-03-25,000581,10:32
2016-03-25,300365,10:46
2016-03-25,600358,13:24
2016-03-25,000758,11:27
2016-03-25,300364,14:04
2016-03-25,600439,10:30
2016-03-25,000070,14:07
2016-03-25,601618,13:13
2016-03-25,300202,14:11
2016-03-25,002191,10:36
2016-03-25,600510,10:52
2016-03-25,000959,10:32
2016-03-25,600195,11:02
2016-03-25,002294,14:30
2016-03-25,300022,13:25
2016-03-25,600303,13:36
2016-03-25,600658,10:43
2016-03-25,000952,10:36
2016-03-25,002676,11:04
2016-03-25,000750,13:55
2016-03-25,300137,14:25
2016-03-25,600760,14:00
2016-03-25,000713,14:23
2016-03-25,600741,13:23
2016-03-25,000040,14:08
2016-03-25,000567,14:12
2016-03-25,603609,11:26
2016-03-25,603901,13:08
2016-03-25,002100,13:35
2016-03-25,000880,14:30
2016-03-25,002380,13:12
2016-03-25,600118,14:05
2016-03-25,300181,13:42
2016-03-25,000973,14:07
2016-03-25,600642,11:06
2016-03-25,000166,14:14
2016-03-25,000630,11:09
2016-03-25,600079,13:42
2016-03-25,600679,13:55
2016-03-25,600346,14:00
2016-03-25,002646,10:48
2016-03-25,600602,14:09
2016-03-25,600697,10:40
2016-03-25,002676,13:15
2016-03-25,300501,13:07
2016-03-25,600227,13:57
2016-03-25,002368,10:38
2016-03-25,600601,13:51
2016-03-25,600642,13:10
2016-03-25,000035,11:28
2016-03-25,000708,13:43
2016-03-25,600784,13:14
2016-03-25,002565,10:48
2016-03-25,300245,13:23
2016-03-25,002594,13:49
2016-03-25,300239,13:17
2016-03-25,600335,10:32
2016-03-25,300468,13:15
2016-03-25,600529,11:25
2016-03-25,603000,14:12
2016-03-25,000909,13:50
2016-03-25,600149,13:14
2016-03-25,002274,10:30
2016-03-25,600763,13:43
2016-03-25,300364,11:18
2016-03-25,601169,13:32
2016-03-25,002318,10:55
2016-03-25,300251,11:11
2016-03-25,603901,13:20
2016-03-25,601003,11:08
2016-03-25,300036,11:16
2016-03-25,002155,10:41
2016-03-25,600467,11:04
2016-03-25,601939,11:09
2016-03-25,300323,14:25
2016-03-25,000568,11:00
2016-03-25,002137,11:12
2016-03-25,300059,14:06
2016-03-25,600470,14:26
2016-03-25,300394,13:36
2016-03-25,002084,10:58
2016-03-25,002741,14:12
2016-03-25,300276,14:23
2016-03-25,002118,11:00
2016-03-25,600690,14:23
2016-03-25,002553,14:21
2016-03-25,601899,10:37
2016-03-25,300493,13:35
2016-03-25,000616,14:26
2016-03-25,002116,14:26
2016-03-25,002059,11:00
2016-03-25,600657,10:31
2016-03-25,002284,14:14
2016-03-25,002131,13:09
2016-03-25,002498,10:33
2016-03-25,002529,11:08
2016-03-25,002497,11:09
2016-03-25,300084,13:08
2016-03-25,600567,10:50
2016-03-25,002278,13:59
2016-03-25,600757,11:15
2016-03-25,300406,10:36
2016-03-25,600299,11:08
2016-03-25,000592,13:39
2016-03-25,601107,11:12
2016-03-25,300380,13:17
2016-03-25,600679,13:28
2016-03-25,600712,14:29
2016-03-25,600790,10:45
2016-03-25,002222,11:06
2016-03-25,002119,13:54
2016-03-25,603789,13:42
2016-03-25,600633,11:16
2016-03-25,002114,13:21
2016-03-25,002177,10:51
2016-03-25,300291,13:20
2016-03-25,600297,14:26
2016-03-25,600157,13:16
2016-03-25,002654,14:29
2016-03-25,000786,13:38
2016-03-25,000786,14:20
2016-03-25,600649,11:09
2016-03-25,000973,13:20
2016-03-25,300014,14:13
2016-03-25,300453,11:28
2016-03-25,603698,11:11
2016-03-25,000821,14:25
2016-03-25,000800,11:15
2016-03-25,000545,13:47
2016-03-25,300267,13:33
2016-03-25,601969,10:32
2016-03-25,601208,13:42
2016-03-25,600012,13:02
2016-03-25,300165,10:44
2016-03-25,000661,10:57
2016-03-25,600109,13:36
2016-03-25,000587,11:04
2016-03-25,600713,14:17
2016-03-25,300090,11:16
2016-03-25,601211,14:17
2016-03-25,002366,13:40
2016-03-25,600884,10:55
2016-03-25,603117,10:33
2016-03-25,600844,13:44
2016-03-25,002019,11:12
2016-03-25,002327,10:56
2016-03-25,300228,11:29
2016-03-25,300024,11:28
2016-03-25,300230,14:04
2016-03-25,300315,13:16
2016-03-25,000536,10:40
2016-03-25,002706,14:04
2016-03-25,600792,11:11
2016-03-25,601058,10:31
2016-03-25,603066,11:04
2016-03-25,300239,13:15
2016-03-25,300236,13:03
2016-03-25,300502,13:03
2016-03-25,000623,11:23
2016-03-25,000589,10:34
2016-03-25,600150,13:21
2016-03-25,002597,14:01
2016-03-25,603002,13:17
2016-03-25,600050,11:09
2016-03-25,300122,14:00
2016-03-25,600207,13:08
2016-03-25,002395,14:13
2016-03-25,300295,14:08
2016-03-25,002331,14:11
2016-03-25,603169,11:27
2016-03-25,002101,14:11
2016-03-25,300059,14:14
2016-03-25,300487,13:33
2016-03-25,002313,14:25
2016-03-25,000554,10:54
2016-03-25,600895,14:28
2016-03-25,002258,13:29
2016-03-25,000686,14:04
2016-03-25,002721,11:11
2016-03-25,600303,13:26
2016-03-25,600300,11:12
2016-03-25,002431,10:48
2016-03-25,601336,14:11
2016-03-25,600221,14:24
2016-03-25,300042,10:30
2016-03-25,000728,14:12
2016-03-25,002258,13:27
2016-03-25,300141,14:26
2016-03-25,000019,10:44
2016-03-25,600829,14:25
2016-03-25,601199,10:49
2016-03-25,002455,10:33
2016-03-25,002051,13:54
2016-03-25,600735,11:05
2016-03-25,000603,14:22
2016-03-25,300382,10:46
2016-03-25,000748,10:54
2016-03-25,300315,10:44
2016-03-25,002426,11:09
2016-03-25,600193,13:25
2016-03-25,600336,13:28
2016-03-25,002411,13:05
2016-03-25,000708,13:49
2016-03-25,002099,14:09
2016-03-25,600114,10:38
2016-03-25,002162,13:31
2016-03-25,000538,13:26
2016-03-25,002167,14:22
2016-03-25,603568,13:37
2016-03-25,002788,14:19
2016-03-25,300016,14:16
2016-03-25,002060,13:08
2016-03-25,603019,11:27
2016-03-25,000785,14:23
2016-03-25,300288,11:00
2016-03-25,300139,13:02
2016-03-25,002613,14:12
2016-03-25,000049,13:25
2016-03-25,300470,11:14
2016-03-25,600526,10:57
2016-03-25,002530,11:21
2016-03-25,000570,13:19
2016-03-25,300078,11:27
2016-03-25,002580,10:31
2016-03-25,002613,10:34
2016-03-25,000030,13:37
2016-03-25,002397,13:35
2016-03-25,002604,14:02
2016-03-25,000017,11:23
2016-03-25,000665,11:19
2016-03-25,300002,14:10
2016-03-25,300289,10:35
2016-03-25,002789,10:58
2016-03-25,600103,11:12
2016-03-25,002332,11:28
2016-03-25,600338,13:30
2016-03-25,600562,13:40
2016-03-25,300245,10:56
2016-03-25,002431,11:23
2016-03-25,601918,14:13
2016-03-25,002235,11:12
2016-03-25,002511,10:31
2016-03-25,000551,11:12
2016-03-25,002334,13:36
2016-03-25,600131,13:09
2016-03-25,000751,13:55
2016-03-25,002193,13:55
2016-03-25,002142,14:00
2016-03-25,000837,10:57
2016-03-25,600886,11:20
2016-03-25,600385,13:02
2016-03-25,000878,13:02
2016-03-25,000710,13:15
2016-03-25,002364,14:00
2016-03-25,002444,13:31
2016-03-25,002607,13:49
2016-03-25,600063,11:19
2016-03-25,300269,13:14
2016-03-25,600203,11:09
2016-03-25,000607,10:59
2016-03-25,601992,11:25
2016-03-25,000021,10:58
2016-03-25,002418,13:16
2016-03-25,300373,13:25
2016-03-24,002635,11:06
2016-03-24,000005,11:09
2016-03-24,002137,13:29
2016-03-24,603520,13:25
2016-03-24,601933,13:53
2016-03-24,600693,14:13
2016-03-24,600351,11:25
2016-03-24,600011,10:50
2016-03-24,300444,13:57
2016-03-24,002298,11:28
2016-03-24,002019,14:21
2016-03-24,000768,13:39
2016-03-24,600841,11:11
2016-03-24,002463,13:48
2016-03-24,002395,13:38
2016-03-24,600232,13:21
2016-03-24,600177,13:17
2016-03-24,600467,13:16
2016-03-24,600624,13:06
2016-03-24,300124,13:55
2016-03-24,600064,11:01
2016-03-24,300065,13:55
2016-03-24,002501,14:10
2016-03-24,002378,10:34
2016-03-24,000089,10:32
2016-03-24,002293,14:08
2016-03-24,300022,10:52
2016-03-24,002335,13:49
2016-03-24,000070,14:21
2016-03-24,600863,10:31
2016-03-24,000543,10:49
2016-03-24,002606,14:21
2016-03-24,600981,10:56
2016-03-24,600969,13:07
2016-03-24,002537,14:02
2016-03-24,000598,10:52
2016-03-24,300327,14:03
2016-03-24,000559,13:13
2016-03-24,002557,13:39
2016-03-24,603025,10:44
2016-03-24,600461,14:11
2016-03-24,000888,13:19
2016-03-24,603616,14:02
2016-03-24,600190,13:13
2016-03-24,002548,14:14
2016-03-24,600050,10:41
2016-03-24,002738,10:55
2016-03-24,300367,11:16
2016-03-24,601179,13:29
2016-03-24,000778,11:17
2016-03-24,000936,11:19
2016-03-24,002392,13:55
2016-03-24,601958,14:21
2016-03-24,601216,11:07
2016-03-24,600239,13:48
2016-03-24,002153,10:54
2016-03-24,002367,10:46
2016-03-24,002272,13:18
2016-03-24,002574,13:33
2016-03-24,600758,13:06
2016-03-24,002549,10:57
2016-03-24,600558,14:24
2016-03-24,000880,11:16
2016-03-24,600507,11:06
2016-03-24,600562,10:52
2016-03-24,600360,14:03
2016-03-24,002452,14:15
2016-03-24,000673,13:54
2016-03-24,600551,14:23
2016-03-24,002553,13:39
2016-03-24,002114,11:12
2016-03-24,600750,13:42
2016-03-24,300451,11:08
2016-03-24,600315,14:21
2016-03-24,000898,10:53
2016-03-24,600999,10:50
2016-03-24,600105,14:19
2016-03-24,300443,10:31
2016-03-24,600522,13:03
2016-03-24,600000,10:31
2016-03-24,002080,14:13
2016-03-24,600171,11:21
2016-03-24,000830,13:49
2016-03-24,600268,14:03
2016-03-24,002718,13:27
2016-03-24,002248,13:11
2016-03-24,600222,13:42
2016-03-24,000517,13:18
2016-03-24,002210,11:13
2016-03-24,002042,13:30
2016-03-24,600969,11:17
2016-03-24,002393,14:09
2016-03-24,002728,11:12
2016-03-24,300389,14:14
2016-03-24,600970,10:58
2016-03-24,601668,13:16
2016-03-24,300146,13:38
2016-03-24,600021,11:30
2016-03-24,300236,13:25
2016-03-24,601718,13:57
2016-03-24,600158,11:30
2016-03-24,300168,14:03
2016-03-24,600688,10:30
2016-03-24,600997,11:11
2016-03-24,603123,13:38
2016-03-24,600884,11:11
2016-03-24,600246,11:27
2016-03-24,600303,11:28
2016-03-24,002445,10:40
2016-03-24,002753,13:24
2016-03-24,002170,10:35
2016-03-24,000983,13:53
2016-03-24,600690,13:02
2016-03-24,000958,13:48
2016-03-24,600426,13:05
2016-03-24,000878,10:36
2016-03-24,300253,13:35
2016-03-24,002424,10:50
2016-03-24,600239,13:28
2016-03-24,002233,13:11
2016-03-24,300488,11:01
2016-03-24,000837,14:12
2016-03-24,603883,10:40
2016-03-24,600408,11:22
2016-03-24,600701,14:17
2016-03-24,002189,14:09
2016-03-24,300395,13:44
2016-03-24,600716,14:14
2016-03-24,603118,13:32
2016-03-24,601222,10:40
2016-03-24,600692,14:01
2016-03-24,600579,10:31
2016-03-24,000014,10:45
2016-03-24,300469,13:05
2016-03-24,601898,13:21
2016-03-24,300357,10:47
2016-03-24,600306,13:20
2016-03-24,000018,14:18
2016-03-24,600276,14:21
2016-03-24,000650,10:39
2016-03-24,002543,14:14
2016-03-24,002115,13:38
2016-03-24,601311,13:10
2016-03-24,000868,14:13
2016-03-24,600399,13:30
2016-03-24,002638,13:02
2016-03-24,300112,14:23
2016-03-24,002090,11:22
2016-03-24,600862,13:50
2016-03-24,002443,13:45
2016-03-24,600446,13:30
2016-03-24,601007,11:05
2016-03-24,002016,10:40
2016-03-24,600325,10:48
2016-03-24,000058,13:50
2016-03-24,600862,14:29
2016-03-24,002449,11:19
2016-03-24,600521,13:21
2016-03-24,600302,13:30
2016-03-24,300443,13:50
2016-03-24,002393,13:29
2016-03-24,002747,14:25
2016-03-24,600988,14:03
2016-03-24,002234,13:39
2016-03-24,000707,10:46
2016-03-24,300177,10:49
2016-03-24,300389,14:10
2016-03-24,002751,10:45
2016-03-24,601965,14:02
2016-03-24,300030,13:12
2016-03-24,000656,10:57
2016-03-24,300056,13:14
2016-03-24,002319,11:11
2016-03-24,600135,11:05
2016-03-24,600821,10:39
2016-03-24,000958,13:24
2016-03-24,600782,14:05
2016-03-24,002732,11:04
2016-03-24,600030,11:03
2016-03-24,002023,14:08
2016-03-24,002310,10:32
2016-03-24,002046,10:37
2016-03-24,600714,14:14
2016-03-24,002215,11:17
2016-03-24,600567,10:42
2016-03-24,600637,13:43
2016-03-24,300460,14:09
2016-03-24,002329,11:14
2016-03-24,002152,10:37
2016-03-24,300202,10:30
2016-03-24,600582,13:44
2016-03-24,601965,14:01
2016-03-24,300135,13:45
2016-03-24,603123,11:15
2016-03-24,300146,14:27
2016-03-24,600207,13:32
2016-03-24,002068,14:05
2016-03-24,002663,14:28
2016-03-24,300412,10:31
2016-03-24,002355,10:48
2016-03-24,600837,13:31
2016-03-24,002244,13:54
2016-03-24,600651,14:13
2016-03-24,603898,13:53
2016-03-24,600598,14:27
2016-03-24,000070,11:10
2016-03-24,300395,13:27
2016-03-24,300020,13:31
2016-03-24,000949,10:49
2016-03-24,002395,13:39
2016-03-24,300160,14:01
2016-03-24,601689,10:41
2016-03-24,603123,13:06
2016-03-24,600530,10:44
2016-03-24,002249,13:21
2016-03-24,600158,14:18
2016-03-24,300041,11:26
2016-03-24,600812,14:24
2016-03-24,300356,13:21
2016-03-24,000820,13:24
2016-03-24,600346,11:05
2016-03-24,600079,14:24
2016-03-24,000923,14:14
2016-03-24,002123,14:14
2016-03-24,002437,10:46
2016-03-24,300002,13:12
2016-03-24,600403,13:36
2016-03-24,601101,11:00
2016-03-24,002551,13:02
2016-03-24,300098,13:21
2016-03-24,600889,14:17
2016-03-24,002533,13:59
2016-03-24,300083,13:19
2016-03-24,002278,14:08
2016-03-24,002593,14:14
2016-03-24,600335,13:13
2016-03-24,002765,14:11
2016-03-24,600862,10:33
2016-03-24,300092,13:11
2016-03-24,002589,11:13
2016-03-24,300096,11:28
2016-03-24,002467,14:25
2016-03-24,002481,11:04
2016-03-24,002047,10:59
2016-03-24,002382,13:41
2016-03-24,600898,13:11
2016-03-24,300399,13:11
2016-03-24,300302,11:20
2016-03-24,600834,13:58
2016-03-24,002565,10:54
2016-03-24,600225,10:49
2016-03-24,603306,13:10
2016-03-24,601199,13:10
2016-03-24,002317,11:23
2016-03-24,600385,10:41
2016-03-24,601177,14:15
2016-03-24,601313,14:28
2016-03-24,002212,13:15
2016-03-24,603618,13:34
2016-03-24,002185,11:03
2016-03-24,000729,10:38
2016-03-24,300332,13:10
2016-03-24,603369,11:11
2016-03-24,300115,10:33
2016-03-24,300215,11:10
2016-03-24,600249,10:58
2016-03-24,300139,10:57
2016-03-24,002503,14:01
2016-03-24,300427,13:50
2016-03-24,600580,14:13
2016-03-24,002414,13:52
2016-03-24,601999,14:26
2016-03-24,600558,13:46
2016-03-24,000851,13:03
2016-03-24,600853,14:26
2016-03-24,600340,14:20
2016-03-24,002398,11:16
2016-03-24,601007,13:41
2016-03-24,002545,13:23
2016-03-24,601008,14:26
2016-03-24,002429,13:41
2016-03-24,600498,14:02
2016-03-24,000856,10:58
2016-03-24,600528,13:12
2016-03-24,603918,13:50
2016-03-24,300449,10:32
2016-03-24,002465,14:22
2016-03-24,300461,14:07
2016-03-24,600146,10:37
2016-03-24,600895,14:06
2016-03-24,600677,11:29
2016-03-23,300165,10:41
2016-03-23,002563,13:09
2016-03-23,002290,13:22
2016-03-23,002644,11:20
2016-03-23,002093,10:58
2016-03-23,002007,14:03
2016-03-23,300140,13:08
2016-03-23,002156,10:49
2016-03-23,600970,13:33
2016-03-23,002163,11:16
2016-03-23,600375,11:15
2016-03-23,002635,13:29
2016-03-23,300427,10:51
2016-03-23,603019,11:23
2016-03-23,000626,13:16
2016-03-23,002088,13:50
2016-03-23,000931,13:25
2016-03-23,000917,13:14
2016-03-23,600765,13:05
2016-03-23,002585,10:45
2016-03-23,000548,13:08
2016-03-23,600737,10:39
2016-03-23,300369,11:25
2016-03-23,600811,14:16
2016-03-23,300199,14:14
2016-03-23,300183,13:29
2016-03-23,600861,10:55
2016-03-23,600623,13:21
2016-03-23,002567,13:44
2016-03-23,000088,11:29
2016-03-23,000798,10:58
2016-03-23,000506,13:33
2016-03-23,600477,13:38
2016-03-23,600580,13:29
2016-03-23,002767,10:41
2016-03-23,002685,11:23
2016-03-23,600722,14:03
2016-03-23,002757,10:32
2016-03-23,300213,13:23
2016-03-23,300501,11:07
2016-03-23,002327,14:14
2016-03-23,603167,13:01
2016-03-23,600831,10:58
2016-03-23,600231,14:19
2016-03-23,600805,13:33
2016-03-23,300355,13:46
2016-03-23,600098,14:13
2016-03-23,000783,13:04
2016-03-23,300196,13:43
2016-03-23,601166,13:56
2016-03-23,600583,14:02
2016-03-23,300294,14:10
2016-03-23,002156,10:36
2016-03-23,002402,13:25
2016-03-23,002412,10:44
2016-03-23,300162,13:06
2016-03-23,002496,13:47
2016-03-23,000628,13:07
2016-03-23,000733,11:04
2016-03-23,600552,14:11
2016-03-23,002642,13:26
2016-03-23,000938,10:57
2016-03-23,603005,13:37
2016-03-23,000722,10:47
2016-03-23,600218,13:55
2016-03-23,000544,10:49
2016-03-23,002632,13:34
2016-03-23,300338,10:44
2016-03-23,300050,11:05
2016-03-23,002192,10:59
2016-03-23,600131,10:53
2016-03-23,300256,11:28
2016-03-23,603199,13:59
2016-03-23,002265,13:35
2016-03-23,002227,13:44
2016-03-23,603899,14:07
2016-03-23,000678,10:35
2016-03-23,002055,10:58
2016-03-23,000043,10:38
2016-03-23,600645,13:23
2016-03-23,002214,14:20
2016-03-23,600775,13:26
2016-03-23,002227,11:07
2016-03-23,300033,14:22
2016-03-23,002545,11:24
2016-03-23,600641,13:17
2016-03-23,000630,13:08
2016-03-23,000544,10:48
2016-03-23,601106,14:13
2016-03-23,000713,14:16
2016-03-23,000565,13:42
2016-03-23,300338,13:48
2016-03-23,600630,11:04
2016-03-23,002171,14:00
2016-03-23,002193,13:49
2016-03-23,000061,13:53
2016-03-23,002419,11:20
2016-03-23,300257,14:29
2016-03-23,603167,13:10
2016-03-23,600155,14:05
2016-03-23,002625,10:33
2016-03-23,603199,13:37
2016-03-23,002501,11:13
2016-03-23,600064,14:11
2016-03-23,601058,13:38
2016-03-23,000609,11:27
2016-03-23,000971,13:54
2016-03-23,000048,10:45
2016-03-23,002249,13:10
2016-03-23,603000,13:51
2016-03-23,600616,13:44
2016-03-23,300478,11:29
2016-03-23,000039,13:47
2016-03-23,002522,13:15
2016-03-23,002770,11:06
2016-03-23,300256,13:34
2016-03-23,002367,11:18
2016-03-23,600755,13:54
2016-03-23,000502,13:09
2016-03-23,600218,10:39
2016-03-23,002625,11:14
2016-03-23,000673,10:44
2016-03-23,300074,11:09
2016-03-23,300493,13:15
2016-03-23,000010,14:17
2016-03-23,002618,10:40
2016-03-23,600754,13:27
2016-03-23,000977,11:00
2016-03-23,601231,11:08
2016-03-23,000050,13:12
2016-03-23,002080,10:51
2016-03-23,002203,11:16
2016-03-23,600734,13:26
2016-03-23,002196,14:29
2016-03-23,600686,10:34
2016-03-23,601880,13:19
2016-03-23,000534,14:20
2016-03-23,002429,11:23
2016-03-23,600734,13:23
2016-03-23,600593,10:54
2016-03-23,002284,13:18
2016-03-23,002388,10:44
2016-03-23,601808,10:45
2016-03-23,600130,11:23
2016-03-23,603019,10:59
2016-03-23,601555,10:52
2016-03-23,600330,13:08
2016-03-23,600315,13:31
2016-03-23,600348,10:31
2016-03-23,601919,13:50
2016-03-23,600151,11:11
2016-03-23,000813,11:18
2016-03-23,000932,14:03
2016-03-23,603589,13:41
2016-03-23,002401,11:05
2016-03-23,000958,13:31
2016-03-23,603456,10:33
2016-03-23,600260,14:25
2016-03-23,300247,14:02
2016-03-23,601519,13:04
2016-03-23,000411,11:06
2016-03-23,002494,10:30
2016-03-23,002440,10:49
2016-03-23,300395,13:24
2016-03-23,300190,11:06
2016-03-23,002486,11:00
2016-03-23,002148,13:55
2016-03-23,300010,10:44
2016-03-23,600272,11:25
2016-03-23,300070,14:06
2016-03-23,603899,13:42
2016-03-23,300093,13:42
2016-03-23,600717,10:57
2016-03-23,002013,10:44
2016-03-23,002249,10:37
2016-03-23,600346,11:10
2016-03-23,002343,10:51
2016-03-23,600378,11:02
2016-03-23,002483,11:01
2016-03-23,600597,13:43
2016-03-23,600101,13:15
2016-03-23,300303,10:33
2016-03-23,002708,10:49
2016-03-23,300367,13:18
2016-03-23,603299,11:26
2016-03-23,002277,13:07
2016-03-23,600604,10:43
2016-03-23,600256,13:15
2016-03-23,600981,10:58
2016-03-23,002682,10:59
2016-03-23,002290,13:15
2016-03-23,600800,13:29
2016-03-23,002104,13:46
2016-03-23,601313,14:13
2016-03-23,002601,13:25
2016-03-23,002242,10:59
2016-03-23,002265,13:37
2016-03-23,000737,13:39
2016-03-23,300087,10:45
2016-03-23,600036,10:31
2016-03-23,600246,13:50
2016-03-23,002446,13:58
2016-03-23,601118,11:02
2016-03-23,000066,11:22
2016-03-23,300029,11:08
2016-03-23,600026,13:13
2016-03-23,600823,13:46
2016-03-23,603616,11:29
2016-03-23,002269,14:09
2016-03-23,000413,13:37
2016-03-23,601015,10:50
2016-03-23,002348,11:24
2016-03-23,600891,10:58
2016-03-23,600563,11:04
2016-03-23,600057,13:39
2016-03-23,002748,14:13
2016-03-23,000897,14:12
2016-03-23,600811,13:54
2016-03-23,300015,13:49
2016-03-23,601939,14:16
2016-03-23,601939,11:18
2016-03-23,603818,13:03
2016-03-23,002259,13:59
2016-03-23,300471,11:08
2016-03-23,600085,11:08
2016-03-23,600580,13:16
2016-03-23,002341,10:45
2016-03-23,002174,11:08
2016-03-23,002755,10:50
2016-03-23,600376,10:44
2016-03-23,601933,14:02
2016-03-23,600963,10:46
2016-03-23,600239,14:26
2016-03-23,601368,11:20
2016-03-23,601179,11:03
2016-03-23,600036,13:53
2016-03-23,600875,13:59
2016-03-23,600276,13:06
2016-03-23,002294,10:32
2016-03-23,000043,14:17
2016-03-23,600325,13:12
2016-03-23,002191,13:58
2016-03-23,600446,10:45
2016-03-23,603899,13:32
2016-03-23,600596,10:32
2016-03-23,300045,14:21
2016-03-23,002157,14:12
2016-03-23,002023,14:20
2016-03-23,000655,14:00
2016-03-23,002079,13:17
2016-03-23,601006,11:24
2016-03-23,600058,13:51
2016-03-23,600839,13:20
2016-03-23,002514,10:32
2016-03-23,002111,10:39
2016-03-23,002066,10:43
2016-03-23,000923,10:57
2016-03-23,300333,13:59
2016-03-23,601636,11:17
2016-03-23,000719,11:18
2016-03-23,300320,11:26
2016-03-23,603806,14:13
2016-03-23,002527,13:38
2016-03-23,300296,13:13
2016-03-23,600615,11:23
2016-03-23,600010,14:22
2016-03-23,600353,14:29
2016-03-23,002658,13:37
2016-03-23,600563,11:03
2016-03-23,000540,10:43
2016-03-23,002244,13:42
2016-03-23,002672,13:44
2016-03-23,002667,14:00
2016-03-23,000151,14:16
2016-03-23,000885,10:43
2016-03-23,600960,14:16
2016-03-23,600735,10:47
2016-03-23,600702,10:37
2016-03-23,000420,14:04
2016-03-23,601669,14:28
2016-03-23,002182,13:37
2016-03-23,002146,13:26
2016-03-23,002543,10:35
2016-03-23,002218,14:08
2016-03-23,002532,11:25
2016-03-23,600360,10:33
2016-03-23,300271,14:06
2016-03-23,300496,13:51
2016-03-23,002685,13:16
2016-03-23,603729,13:36
2016-03-23,002663,10:40
2016-03-23,300255,14:20
2016-03-23,002488,11:21
2016-03-23,000976,13:38
2016-03-23,000952,13:53
2016-03-22,000576,13:20
2016-03-22,000778,11:10
2016-03-22,300157,13:01
2016-03-22,002181,11:00
2016-03-22,300309,11:27
2016-03-22,002607,10:38
2016-03-22,603936,14:04
2016-03-22,002561,10:56
2016-03-22,600386,13:49
2016-03-22,000803,10:33
2016-03-22,000996,10:38
2016-03-22,002721,13:57
2016-03-22,600300,10:53
2016-03-22,600227,10:30
2016-03-22,002302,14:24
2016-03-22,002614,13:43
2016-03-22,002682,14:27
2016-03-22,300246,11:20
2016-03-22,002187,11:25
2016-03-22,002736,14:27
2016-03-22,300134,13:42
2016-03-22,002444,10:43
2016-03-22,000951,10:59
2016-03-22,601226,13:26
2016-03-22,002276,14:15
2016-03-22,002356,14:19
2016-03-22,002677,10:47
2016-03-22,002772,13:24
2016-03-22,300156,13:54
2016-03-22,002783,14:25
2016-03-22,000019,14:19
2016-03-22,002424,14:19
2016-03-22,002158,13:27
2016-03-22,300473,10:30
2016-03-22,002131,11:26
2016-03-22,002315,11:19
2016-03-22,000998,10:51
2016-03-22,002575,10:49
2016-03-22,600634,11:24
2016-03-22,002053,10:36
2016-03-22,600011,11:24
2016-03-22,600094,11:13
2016-03-22,600218,10:31
2016-03-22,600614,13:49
2016-03-22,000987,13:46
2016-03-22,002364,13:18
2016-03-22,002091,11:28
2016-03-22,000732,14:30
2016-03-22,300399,14:28
2016-03-22,000762,13:58
2016-03-22,000150,10:54
2016-03-22,600978,10:37
2016-03-22,600809,14:17
2016-03-22,600790,13:44
2016-03-22,601000,11:24
2016-03-22,002416,11:28
2016-03-22,603589,11:04
2016-03-22,600219,14:19
2016-03-22,600763,10:41
2016-03-22,600258,10:56
2016-03-22,002690,11:16
2016-03-22,300040,10:55
2016-03-22,002456,10:48
2016-03-22,601788,14:20
2016-03-22,200152,13:07
2016-03-22,002761,13:16
2016-03-22,002049,11:28
2016-03-22,600340,10:31
2016-03-22,600531,10:40
2016-03-22,600090,14:06
2016-03-22,002216,10:35
2016-03-22,002499,10:34
2016-03-22,000620,10:43
2016-03-22,600130,11:26
2016-03-22,002585,14:08
2016-03-22,002439,14:16
2016-03-22,300411,14:13
2016-03-22,002775,13:51
2016-03-22,600777,10:38
2016-03-22,000978,13:08
2016-03-22,300318,13:56
2016-03-22,300054,14:24
2016-03-22,000565,11:15
2016-03-22,603919,14:24
2016-03-22,002202,13:33
2016-03-22,601258,10:56
2016-03-22,600343,13:50
2016-03-22,002707,14:15
2016-03-22,600614,13:24
2016-03-22,300228,13:05
2016-03-22,601369,13:03
2016-03-22,600017,11:03
2016-03-22,002391,10:58
2016-03-22,002475,11:09
2016-03-22,300253,13:26
2016-03-22,300351,13:37
2016-03-22,300109,10:31
2016-03-22,600719,13:51
2016-03-22,603996,14:09
2016-03-22,000861,14:18
2016-03-22,300386,10:35
2016-03-22,600008,13:09
2016-03-22,600297,11:27
2016-03-22,600021,14:19
2016-03-22,000899,10:40
2016-03-22,600500,14:03
2016-03-22,000682,13:57
2016-03-22,601177,13:31
2016-03-22,300479,13:09
2016-03-22,002747,13:38
2016-03-22,002451,13:19
2016-03-22,601126,13:12
2016-03-22,600658,10:58
2016-03-22,002215,11:20
2016-03-22,000862,13:17
2016-03-22,002283,13:52
2016-03-22,002437,13:58
2016-03-22,300229,10:33
2016-03-22,603333,13:46
2016-03-22,600874,14:12
2016-03-22,601333,10:42
2016-03-22,000892,13:37
2016-03-22,002419,10:50
2016-03-22,002546,14:13
2016-03-22,300075,11:16
2016-03-22,002386,13:35
2016-03-22,603117,10:58
2016-03-22,002403,13:19
2016-03-22,300364,13:29
2016-03-22,300179,10:57
2016-03-22,002597,13:51
2016-03-22,000795,11:22
2016-03-22,600104,10:32
2016-03-22,002579,10:38
2016-03-22,000722,13:10
2016-03-22,600620,13:56
2016-03-22,300324,10:41
2016-03-22,000425,11:24
2016-03-22,600609,13:06
2016-03-22,002067,11:29
2016-03-22,002324,13:17
2016-03-22,601666,10:47
2016-03-22,603618,11:26
2016-03-22,600149,11:24
2016-03-22,603009,11:08
2016-03-22,002212,10:32
2016-03-22,300464,10:53
2016-03-22,600343,14:02
2016-03-22,002174,13:30
2016-03-22,002775,10:55
2016-03-22,002290,13:47
2016-03-22,000912,11:11
2016-03-22,002567,13:33
2016-03-22,002650,13:54
2016-03-22,300090,10:44
2016-03-22,600248,10:50
2016-03-22,601601,14:09
2016-03-22,300368,11:28
2016-03-22,600299,13:04
2016-03-22,002364,13:41
2016-03-22,000852,13:27
2016-03-22,600058,13:36
2016-03-22,300491,13:20
2016-03-22,600592,13:20
2016-03-22,002617,11:08
2016-03-22,600410,14:22
2016-03-22,002210,10:57
2016-03-22,603999,14:14
2016-03-22,603118,14:08
2016-03-22,600395,13:27
2016-03-22,000576,10:38
2016-03-22,600133,11:06
2016-03-22,600197,11:03
2016-03-22,002749,13:38
2016-03-22,600355,11:26
2016-03-22,600367,13:12
2016-03-22,000702,10:41
2016-03-22,600133,10:49
2016-03-22,603366,13:19
2016-03-22,601002,10:45
2016-03-22,600824,10:50
2016-03-22,300123,10:48
2016-03-22,002108,14:00
2016-03-22,300284,14:10
2016-03-22,002365,11:28
2016-03-22,002176,14:07
2016-03-22,002253,13:59
2016-03-22,600798,14:15
2016-03-22,600268,14:12
2016-03-22,000901,13:32
2016-03-22,002639,14:02
2016-03-22,002169,14:14
2016-03-22,600208,13:56
2016-03-22,601339,10:41
2016-03-22,300030,13:40
2016-03-22,002495,10:58
2016-03-22,000911,13:49
2016-03-22,000688,13:14
2016-03-22,000833,14:04
2016-03-22,601099,14:11
2016-03-22,300236,10:47
2016-03-22,002017,13:13
2016-03-22,002706,14:08
2016-03-22,002543,10:36
2016-03-22,601009,14:28
2016-03-22,300030,13:14
2016-03-22,000425,14:27
2016-03-22,601390,13:09
2016-03-22,000062,13:41
2016-03-22,601908,11:01
2016-03-22,600587,13:22
2016-03-22,002650,13:45
2016-03-22,603308,11:19
2016-03-22,300453,14:30
2016-03-22,600767,13:42
2016-03-22,600549,13:59
2016-03-22,601888,13:44
2016-03-22,300001,10:58
2016-03-22,002003,14:10
2016-03-22,002676,13:32
2016-03-22,300017,11:05
2016-03-22,002208,10:50
2016-03-22,002683,13:28
2016-03-22,000727,13:26
2016-03-22,600279,13:49
2016-03-22,002772,10:59
2016-03-22,002415,11:15
2016-03-22,002191,11:18
2016-03-22,000820,11:17
2016-03-22,601179,13:30
2016-03-22,000757,11:03
2016-03-22,300108,10:33
2016-03-22,300199,10:43
2016-03-22,600694,11:26
2016-03-22,300304,10:44
2016-03-22,002043,14:05
2016-03-22,600039,13:13
2016-03-22,002732,11:16
2016-03-22,600268,13:49
2016-03-22,002680,10:35
2016-03-22,002736,13:32
2016-03-22,000001,13:06
2016-03-22,002138,11:18
2016-03-22,000058,13:11
2016-03-22,600251,13:34
2016-03-22,600198,14:28
2016-03-22,000949,14:16
2016-03-22,600820,10:45
2016-03-22,002413,13:15
2016-03-22,600408,13:53
2016-03-22,300268,13:08
2016-03-22,002341,13:38
2016-03-22,603696,13:02
2016-03-22,002010,11:04
2016-03-22,600676,10:42
2016-03-22,300092,13:57
2016-03-22,002360,11:02
2016-03-22,002451,10:57
2016-03-22,002353,13:57
2016-03-22,002334,13:40
2016-03-22,002309,14:01
2016-03-22,601636,11:11
2016-03-22,002463,10:55
2016-03-22,300380,13:17
2016-03-22,300294,14:11
2016-03-22,600418,11:16
2016-03-22,300247,14:16
2016-03-22,600166,14:19
2016-03-22,002277,13:19
2016-03-22,600290,13:42
2016-03-22,002618,14:23
2016-03-22,600657,10:32
2016-03-22,600633,11:13
2016-03-22,002632,14:18
2016-03-22,000157,11:11
2016-03-22,002559,13:53
2016-03-22,002391,13:38
2016-03-22,600528,14:06
2016-03-22,300117,14:14
2016-03-22,600423,13:41
2016-03-22,000027,10:47
2016-03-22,600755,10:51
2016-03-22,300353,14:12
2016-03-22,300079,13:18
2016-03-22,600072,13:01
2016-03-22,600275,11:18
2016-03-22,600367,14:10
2016-03-22,300213,10:41
2016-03-22,000722,13:07
2016-03-22,300467,13:56
2016-03-22,300135,14:10
2016-03-22,600171,13:22
2016-03-22,603997,13:14
2016-03-22,300373,11:21
2016-03-22,000501,14:05
2016-03-22,002422,14:30
2016-03-22,002601,13:14
2016-03-22,002055,13:54
2016-03-22,300230,14:22
2016-03-22,300457,11:08
2016-03-22,600988,11:04
2016-03-22,000877,11:00
2016-03-22,002575,14:10
2016-03-22,601800,11:29
2016-03-22,600639,14:29
2016-03-22,300247,13:16
2016-03-22,601989,10:45
2016-03-22,002238,13:36
2016-03-22,600975,14:25
2016-03-22,000046,11:13
2016-03-22,600820,13:50
2016-03-22,000996,11:11
2016-03-22,601126,11:20
2016-03-22,300178,10:39
2016-03-22,002309,10:37
2016-03-22,002327,10:59
2016-03-22,300207,13:47
2016-03-22,300001,11:08
2016-03-22,601098,13:08
2016-03-21,000166,13:10
2016-03-21,000523,11:29
2016-03-21,300064,11:27
2016-03-21,600548,13:17
2016-03-21,002086,10:40
2016-03-21,600808,11:12
2016-03-21,600998,13:14
2016-03-21,600713,14:05
2016-03-21,600528,14:09
2016-03-21,002734,10:56
2016-03-21,002033,13:23
2016-03-21,000042,13:20
2016-03-21,002016,13:59
2016-03-21,600387,14:07
2016-03-21,300287,13:10
2016-03-21,600456,10:54
2016-03-21,300355,13:24
2016-03-21,300142,14:08
2016-03-21,600333,10:40
2016-03-21,600853,13:14
2016-03-21,002603,13:33
2016-03-21,601599,13:59
2016-03-21,600705,13:53
2016-03-21,603818,13:17
2016-03-21,600851,10:50
2016-03-21,002115,10:47
2016-03-21,001696,13:30
2016-03-21,002593,13:21
2016-03-21,002305,11:19
2016-03-21,000712,11:00
2016-03-21,002169,11:16
2016-03-21,002054,13:44
2016-03-21,300468,13:25
2016-03-21,300327,13:02
2016-03-21,600165,13:54
2016-03-21,000973,13:29
2016-03-21,600876,13:08
2016-03-21,600563,10:39
2016-03-21,002145,10:34
2016-03-21,002716,14:24
2016-03-21,600290,10:44
2016-03-21,600532,14:07
2016-03-21,600094,11:12
2016-03-21,000416,14:25
2016-03-21,601800,14:21
2016-03-21,600696,14:14
2016-03-21,300406,13:12
2016-03-21,002140,10:38
2016-03-21,000596,14:29
2016-03-21,600128,14:19
2016-03-21,002565,14:02
2016-03-21,002420,11:04
2016-03-21,002013,14:13
2016-03-21,300093,14:19
2016-03-21,600789,10:48
2016-03-21,600773,13:35
2016-03-21,600647,14:14
2016-03-21,002029,14:06
2016-03-21,601088,13:33
2016-03-21,600790,10:52
2016-03-21,002039,11:01
2016-03-21,000547,13:37
2016-03-21,002367,11:20
2016-03-21,002660,13:15
2016-03-21,601107,14:19
2016-03-21,603018,11:10
2016-03-21,600077,11:10
2016-03-21,000338,10:59
2016-03-21,002126,13:56
2016-03-21,300487,11:09
2016-03-21,300066,11:08
2016-03-21,600642,13:45
2016-03-21,600694,10:50
2016-03-21,600282,10:42
2016-03-21,002425,13:14
2016-03-21,601929,13:38
2016-03-21,603555,14:10
2016-03-21,002611,11:04
2016-03-21,600865,11:11
2016-03-21,300468,13:59
2016-03-21,002121,13:48
2016-03-21,300257,14:01
2016-03-21,002640,10:52
2016-03-21,601985,13:04
2016-03-21,000543,14:27
2016-03-21,603688,11:18
2016-03-21,002267,14:01
2016-03-21,002554,10:55
2016-03-21,002521,11:22
2016-03-21,000810,14:09
2016-03-21,300207,14:21
2016-03-21,300422,13:36
2016-03-21,002086,13:44
2016-03-21,000563,11:12
2016-03-21,300265,13:21
2016-03-21,600177,10:46
2016-03-21,600636,14:21
2016-03-21,000099,14:00
2016-03-21,600138,13:11
2016-03-21,002367,14:12
2016-03-21,601633,13:44
2016-03-21,000948,11:11
2016-03-21,002153,11:16
2016-03-21,002668,11:04
2016-03-21,600602,13:55
2016-03-21,600377,10:51
2016-03-21,300481,10:37
2016-03-21,000738,13:44
2016-03-21,600652,13:56
2016-03-21,603456,10:40
2016-03-21,002007,11:08
2016-03-21,600383,13:23
2016-03-21,002392,14:18
2016-03-21,002021,13:35
2016-03-21,300381,11:00
2016-03-21,601006,13:04
2016-03-21,600528,10:48
2016-03-21,002162,13:27
2016-03-21,002464,10:48
2016-03-21,601988,11:13
2016-03-21,002571,10:42
2016-03-21,000895,13:18
2016-03-21,000686,13:22
2016-03-21,600729,10:42
2016-03-21,000786,11:21
2016-03-21,002706,11:03
2016-03-21,603300,13:47
2016-03-21,000404,10:59
2016-03-21,300352,13:36
2016-03-21,603117,13:20
2016-03-21,000519,13:45
2016-03-21,300342,10:31
2016-03-21,603789,14:03
2016-03-21,600292,11:17
2016-03-21,000863,14:11
2016-03-21,000008,14:13
2016-03-21,300315,14:02
2016-03-21,300099,11:20
2016-03-21,600639,14:23
2016-03-21,600992,11:03
2016-03-21,600618,13:01
2016-03-21,300056,11:14
2016-03-21,300467,10:49
2016-03-21,601519,14:09
2016-03-21,002064,13:16
2016-03-21,600148,11:11
2016-03-21,002528,10:38
2016-03-21,300199,13:43
2016-03-21,600963,13:18
2016-03-21,000792,10:47
2016-03-21,002749,14:21
2016-03-21,002004,11:18
2016-03-21,300495,10:41
2016-03-21,603223,13:03
2016-03-21,000826,14:24
2016-03-21,000070,11:28
2016-03-21,002507,13:27
2016-03-21,603030,13:04
2016-03-21,603969,13:01
2016-03-21,300408,13:51
2016-03-21,600547,10:36
2016-03-21,300111,13:50
2016-03-21,002190,13:52
2016-03-21,300249,11:01
2016-03-21,600075,14:08
2016-03-21,300033,10:56
2016-03-21,000729,10:44
2016-03-21,600747,11:06
2016-03-21,600853,14:07
2016-03-21,002395,11:14
2016-03-21,600008,11:26
2016-03-21,600110,13:23
2016-03-21,300385,14:15
2016-03-21,600279,11:19
2016-03-21,002536,13:53
2016-03-21,600738,11:00
2016-03-21,300176,13:41
2016-03-21,002298,13:32
2016-03-21,603022,13:44
2016-03-21,000561,14:11
2016-03-21,601901,10:54
2016-03-21,002137,10:41
2016-03-21,600493,14:30
2016-03-21,600896,13:10
2016-03-21,002097,11:22
2016-03-21,600159,11:10
2016-03-21,002345,13:50
2016-03-21,000428,13:02
2016-03-21,000895,13:19
2016-03-21,002056,14:13
2016-03-21,000983,11:00
2016-03-21,600062,14:05
2016-03-21,600642,10:57
2016-03-21,600598,13:58
2016-03-21,300467,11:05
2016-03-21,600841,10:32
2016-03-21,000592,14:21
2016-03-21,002765,13:34
2016-03-21,300146,11:00
2016-03-21,000503,14:11
2016-03-21,002155,13:54
2016-03-21,002267,14:19
2016-03-21,002530,13:56
2016-03-21,300007,13:48
2016-03-21,000778,13:05
2016-03-21,002039,11:22
2016-03-21,600080,10:30
2016-03-21,600684,14:02
2016-03-21,002727,14:13
2016-03-21,600331,14:27
2016-03-21,300214,13:17
2016-03-21,002624,11:04
2016-03-21,000850,13:05
2016-03-21,300207,11:15
2016-03-21,600231,10:53
2016-03-21,002468,13:39
2016-03-21,002059,10:36
2016-03-21,002643,13:19
2016-03-21,002053,10:58
2016-03-21,300133,13:45
2016-03-21,300323,13:20
2016-03-21,600070,13:53
2016-03-21,603678,13:46
2016-03-21,600729,14:29
2016-03-21,300013,10:36
2016-03-21,300171,13:16
2016-03-21,000004,13:40
2016-03-21,601669,11:14
2016-03-21,600276,10:34
2016-03-21,600289,10:39
2016-03-21,300088,13:26
2016-03-21,000070,14:04
2016-03-21,002495,13:15
2016-03-21,002188,10:34
2016-03-21,300448,13:07
2016-03-21,002760,14:10
2016-03-21,601801,10:40
2016-03-21,300144,10:45
2016-03-21,600988,11:04
2016-03-21,300332,13:32
2016-03-21,600477,10:31
2016-03-21,601999,13:41
2016-03-21,600884,11:08
2016-03-21,002226,14:27
2016-03-21,600613,13:04
2016-03-21,603022,14:05
2016-03-21,001696,11:28
2016-03-21,601311,13:20
2016-03-21,002340,11:10
2016-03-21,002228,10:54
2016-03-21,600696,10:40
2016-03-21,603003,10:32
2016-03-21,002146,10:43
2016-03-21,300412,10:35
2016-03-21,601958,13:06
2016-03-21,600593,11:11
2016-03-21,002711,13:16
2016-03-21,601388,14:07
2016-03-21,000892,13:24
2016-03-21,300111,13:51
2016-03-21,600976,14:24
2016-03-21,002317,13:55
2016-03-21,002509,14:04
2016-03-21,000958,13:16
2016-03-21,000917,11:02
2016-03-21,300305,13:33
2016-03-21,002167,10:51
2016-03-21,601137,13:37
2016-03-21,300426,13:32
2016-03-21,002547,10:53
2016-03-21,000690,13:20
2016-03-21,600891,11:18
2016-03-21,300284,13:45
2016-03-21,600501,14:02
2016-03-21,600262,14:15
2016-03-21,600068,11:27
2016-03-21,000785,14:13
2016-03-21,000096,14:11
2016-03-21,000961,10:31
2016-03-21,002058,10:40
2016-03-21,600241,11:10
2016-03-21,603308,13:49
2016-03-21,600831,10:48
2016-03-21,603766,11:15
2016-03-21,000901,10:53
2016-03-21,300045,13:58
2016-03-21,600519,11:12
2016-03-21,600240,13:03
2016-03-21,300295,11:02
2016-03-21,002390,11:07
2016-03-21,600156,13:33
2016-03-21,002284,13:58
2016-03-21,603696,11:26
2016-03-21,000881,11:23
2016-03-21,603008,13:20
2016-03-21,002660,13:05
2016-03-21,000635,13:32
2016-03-21,603288,14:25
2016-03-21,000576,10:56
2016-03-21,002482,13:40
2016-03-21,600098,10:34
2016-03-21,002154,13:23
2016-03-21,300242,13:59
2016-03-21,002677,14:04
2016-03-21,000688,11:03
2016-03-21,600839,13:59
2016-03-21,603066,14:28
2016-03-21,300259,13:54
2016-03-21,600702,10:51
2016-03-21,300459,13:16
2016-03-21,600399,11:14
2016-03-21,002384,11:05
2016-03-21,002716,11:17
2016-03-21,600121,11:23
2016-03-21,002231,13:58
2016-03-21,600275,13:10
2016-03-21,300076,10:32
2016-03-21,002465,11:05
2016-03-21,002514,11:10
2016-03-21,000789,13:27
2016-03-21,600231,13:25
2016-03-21,600198,13:30
2016-03-21,002229,13:46
2016-03-21,002086,13:27
2016-03-21,000592,11:00
2016-03-21,300099,13:59
2016-03-21,600292,13:30
2016-03-21,300198,10:35
2016-03-21,603508,13:04
2016-03-21,300489,11:03
2016-03-21,601669,13:25
2016-03-21,300322,10:40
2016-03-21,600808,10:33
2016-03-21,002295,13:10
2016-03-21,600572,10:57
2016-03-21,603288,10:52
2016-03-21,600547,10:52
2016-03-21,000776,14:21
2016-03-21,000417,13:04
2016-03-21,000516,14:09
2016-03-21,600830,14:10
2016-03-18,300031,13:20
2016-03-18,300058,14:09
2016-03-18,300152,13:49
2016-03-18,000959,13:38
2016-03-18,002028,13:30
2016-03-18,000700,13:23
2016-03-18,300172,10:33
2016-03-18,002208,13:29
2016-03-18,600819,11:26
2016-03-18,601311,13:39
2016-03-18,300144,14:14
2016-03-18,600776,14:02
2016-03-18,600561,13:46
2016-03-18,600729,14:13
2016-03-18,000156,11:20
2016-03-18,002129,13:10
2016-03-18,002197,14:25
2016-03-18,300023,13:24
2016-03-18,600184,10:36
2016-03-18,002776,11:08
2016-03-18,000825,10:51
2016-03-18,600399,10:59
2016-03-18,002392,10:38
2016-03-18,002597,13:16
2016-03-18,002640,13:10
2016-03-18,000861,13:12
2016-03-18,000757,13:09
2016-03-18,300011,13:06
2016-03-18,000613,10:34
2016-03-18,000513,13:48
2016-03-18,300372,13:09
2016-03-18,603169,11:01
2016-03-18,600736,11:18
2016-03-18,600695,14:29
2016-03-18,200488,13:32
2016-03-18,603002,11:27
2016-03-18,601928,14:08
2016-03-18,600729,10:55
2016-03-18,002713,11:26
2016-03-18,600330,13:09
2016-03-18,002365,11:28
2016-03-18,300079,14:19
2016-03-18,300303,10:43
2016-03-18,600826,13:35
2016-03-18,002300,11:24
2016-03-18,601872,13:42
2016-03-18,600281,13:17
2016-03-18,000599,13:27
2016-03-18,601198,13:22
2016-03-18,600284,14:10
2016-03-18,002721,14:09
2016-03-18,002690,11:23
2016-03-18,002747,13:19
2016-03-18,603128,13:02
2016-03-18,300033,11:02
2016-03-18,600595,13:11
2016-03-18,300483,10:43
2016-03-18,300064,10:59
2016-03-18,300407,13:37
2016-03-18,600388,11:28
2016-03-18,002193,10:46
2016-03-18,000735,14:06
2016-03-18,002415,13:27
2016-03-18,600993,10:55
2016-03-18,000961,14:00
2016-03-18,300379,13:21
2016-03-18,002221,13:43
2016-03-18,002399,11:18
2016-03-18,600366,14:12
2016-03-18,002772,11:13
2016-03-18,300389,10:40
2016-03-18,300343,10:50
2016-03-18,600753,13:22
2016-03-18,300364,11:07
2016-03-18,002053,13:12
2016-03-18,601177,10:48
2016-03-18,600368,13:20
2016-03-18,002430,11:17
2016-03-18,600316,13:50
2016-03-18,603885,11:24
2016-03-18,002013,13:57
2016-03-18,300411,10:30
2016-03-18,300312,11:00
2016-03-18,601898,14:00
2016-03-18,300044,13:51
2016-03-18,000502,13:36
2016-03-18,300144,10:41
2016-03-18,300042,11:10
2016-03-18,603939,13:36
2016-03-18,000001,13:32
2016-03-18,601777,10:49
2016-03-18,002435,13:28
2016-03-18,002620,13:36
2016-03-18,000691,11:21
2016-03-18,002503,13:42
2016-03-18,600636,13:59
2016-03-18,300101,11:24
2016-03-18,600085,13:19
2016-03-18,300121,10:55
2016-03-18,600576,11:07
2016-03-18,600508,14:13
2016-03-18,300256,13:17
2016-03-18,600760,13:45
2016-03-18,000635,13:42
2016-03-18,002141,13:10
2016-03-18,600222,13:08
2016-03-18,000333,13:47
2016-03-18,600648,10:38
2016-03-18,600559,14:20
2016-03-18,300307,11:14
2016-03-18,300015,13:36
2016-03-18,600960,14:06
2016-03-18,000039,11:26
2016-03-18,002674,10:46
2016-03-18,002770,14:16
2016-03-18,000503,14:17
2016-03-18,600267,13:06
2016-03-18,600690,11:07
2016-03-18,002700,11:04
2016-03-18,600187,14:26
2016-03-18,000983,13:15
2016-03-18,601368,13:46
2016-03-18,000524,14:10
2016-03-18,002130,10:59
2016-03-18,000848,14:05
2016-03-18,002520,11:20
2016-03-18,002345,10:34
2016-03-18,000768,13:12
2016-03-18,300311,11:10
2016-03-18,600791,14:30
2016-03-18,000039,13:37
2016-03-18,002189,14:30
2016-03-18,002016,13:42
2016-03-18,601579,14:07
2016-03-18,600028,14:08
2016-03-18,002400,10:42
2016-03-18,002301,11:06
2016-03-18,000011,11:18
2016-03-18,300171,13:57
2016-03-18,600976,10:59
2016-03-18,300124,10:30
2016-03-18,002497,13:30
2016-03-18,600138,10:32
2016-03-18,000801,14:03
2016-03-18,600970,14:29
2016-03-18,002622,13:50
2016-03-18,002098,13:42
2016-03-18,002194,13:51
2016-03-18,601669,10:53
2016-03-18,000521,13:02
2016-03-18,002576,13:14
2016-03-18,002295,13:18
2016-03-18,600781,13:52
2016-03-18,000078,11:17
2016-03-18,300177,14:23
2016-03-18,300182,13:58
2016-03-18,603003,10:39
2016-03-18,002094,14:27
2016-03-18,300370,10:53
2016-03-18,002580,11:04
2016-03-18,300257,13:31
2016-03-18,002503,13:30
2016-03-18,000061,13:33
2016-03-18,002053,13:48
2016-03-18,300246,10:54
2016-03-18,002136,13:50
2016-03-18,600767,14:26
2016-03-18,300367,13:38
2016-03-18,601336,10:44
2016-03-18,002773,13:33
2016-03-18,002228,13:46
2016-03-18,002431,10:48
2016-03-18,002521,14:22
2016-03-18,600139,10:44
2016-03-18,600527,10:40
2016-03-18,601998,11:11
2016-03-18,603005,13:58
2016-03-18,002606,13:49
2016-03-18,002032,11:10
2016-03-18,300039,10:47
2016-03-18,600834,10:35
2016-03-18,300121,13:45
2016-03-18,002575,14:01
2016-03-18,300310,10:35
2016-03-18,600782,13:01
2016-03-18,000501,14:04
2016-03-18,300065,14:23
2016-03-18,002660,10:40
2016-03-18,000687,11:27
2016-03-18,300296,11:15
2016-03-18,600819,13:54
2016-03-18,002740,10:43
2016-03-18,000090,13:21
2016-03-18,002258,14:00
2016-03-18,600858,11:01
2016-03-18,601888,13:29
2016-03-18,002511,13:49
2016-03-18,600850,10:32
2016-03-18,000526,10:54
2016-03-18,601006,13:42
2016-03-18,600115,11:20
2016-03-18,600193,13:01
2016-03-18,600719,11:22
2016-03-18,600736,13:54
2016-03-18,300499,10:34
2016-03-18,601177,13:39
2016-03-18,000715,13:11
2016-03-18,002253,13:31
2016-03-18,603100,14:24
2016-03-18,600841,11:22
2016-03-18,900948,10:38
2016-03-18,002443,13:11
2016-03-18,000709,10:48
2016-03-18,002757,14:18
2016-03-18,002440,14:14
2016-03-18,600336,13:41
2016-03-18,000628,13:53
2016-03-18,000715,11:20
2016-03-18,002258,13:45
2016-03-18,300120,13:31
2016-03-18,600075,11:24
2016-03-18,002790,13:03
2016-03-18,000970,13:51
2016-03-18,002397,10:56
2016-03-18,600199,13:31
2016-03-18,002454,14:24
2016-03-18,002435,13:10
2016-03-18,600198,11:23
2016-03-18,600761,14:07
2016-03-18,600549,14:26
2016-03-18,600696,14:15
2016-03-18,300496,10:30
2016-03-18,600887,13:49
2016-03-18,600478,13:13
2016-03-18,002449,13:15
2016-03-18,601028,13:25
2016-03-18,600202,14:09
2016-03-18,000005,11:02
2016-03-18,603799,10:54
2016-03-18,300367,10:45
2016-03-18,600559,10:39
2016-03-18,600261,10:31
2016-03-18,002713,10:58
2016-03-18,002502,11:08
2016-03-18,000009,10:47
2016-03-18,000050,11:08
2016-03-18,000923,13:52
2016-03-18,600767,10:36
2016-03-18,600742,13:32
2016-03-18,600714,10:43
2016-03-18,600802,13:39
2016-03-18,600171,10:37
2016-03-18,000157,10:35
2016-03-18,002375,10:35
2016-03-18,600210,14:07
2016-03-18,600619,14:23
2016-03-18,002559,13:43
2016-03-18,000813,13:54
2016-03-18,601198,10:50
2016-03-18,600310,13:57
2016-03-18,300227,14:30
2016-03-18,000876,11:16
2016-03-18,600259,10:31
2016-03-18,000043,11:05
2016-03-18,300083,11:18
2016-03-18,601818,13:26
2016-03-18,300373,10:39
2016-03-18,600515,11:13
2016-03-18,300069,13:52
2016-03-18,300476,14:02
2016-03-18,603030,11:10
2016-03-18,002117,10:46
2016-03-18,600376,13:25
2016-03-18,002198,13:13
2016-03-18,002369,10:57
2016-03-18,601866,10:52
2016-03-18,603669,10:33
2016-03-18,600309,10:33
2016-03-18,600829,10:49
2016-03-18,300115,13:18
2016-03-18,603609,10:34
2016-03-18,002585,13:52
2016-03-18,000999,13:16
2016-03-18,603021,11:02
2016-03-18,300146,14:16
2016-03-18,600462,13:29
2016-03-18,002225,13:44
2016-03-18,300442,11:23
2016-03-18,300415,14:08
2016-03-18,600876,10:48
2016-03-18,002494,10:49
2016-03-18,601003,13:28
2016-03-18,300139,13:13
2016-03-18,600960,14:21
2016-03-18,000400,13:28
2016-03-18,000931,14:21
2016-03-18,002284,10:46
2016-03-18,300465,10:36
2016-03-18,300171,13:44
2016-03-18,002529,11:05
2016-03-18,000520,11:19
2016-03-18,000790,13:18
2016-03-18,600730,13:37
2016-03-18,002592,14:00
2016-03-18,002726,14:13
2016-03-18,600493,14:13
2016-03-18,000528,10:38
2016-03-18,002610,13:11
2016-03-18,600283,11:05
2016-03-18,600027,10:30
2016-03-18,601088,14:23
2016-03-18,002292,13:42
2016-03-18,603968,11:06
2016-03-18,002635,14:12
2016-03-18,600132,14:08
2016-03-18,600792,14:21
2016-03-18,600035,14:09
2016-03-18,002057,11:24
2016-03-18,000971,13:20
2016-03-18,002455,13:23
2016-03-18,600391,13:47
2016-03-18,300209,13:21
2016-03-18,600021,14:11
2016-03-18,300367,13:48
2016-03-18,002275,13:51
2016-03-18,300302,14:05
2016-03-18,002681,13:42
2016-03-18,002502,14:27
2016-03-18,600378,11:13
2016-03-18,300255,10:40
2016-03-18,000544,11:22
2016-03-18,300257,10:54
2016-03-18,300502,11:17
2016-03-18,603368,14:27
2016-03-17,000955,14:17
2016-03-17,600737,13:34
2016-03-17,600436,14:16
2016-03-17,000421,13:42
2016-03-17,000156,10:50
2016-03-17,600446,10:56
2016-03-17,002040,14:23
2016-03-17,000755,10:58
2016-03-17,601898,13:51
2016-03-17,600505,14:01
2016-03-17,600875,13:45
2016-03-17,300170,11:19
2016-03-17,600765,14:25
2016-03-17,601558,13:21
2016-03-17,600963,13:11
2016-03-17,300157,10:39
2016-03-17,000430,14:02
2016-03-17,002043,13:58
2016-03-17,000587,14:15
2016-03-17,002403,13:12
2016-03-17,002658,13:44
2016-03-17,002387,14:16
2016-03-17,600288,10:33
2016-03-17,002763,13:51
2016-03-17,300124,13:56
2016-03-17,000690,10:45
2016-03-17,000685,10:45
2016-03-17,300173,10:39
2016-03-17,002171,13:03
2016-03-17,002348,13:03
2016-03-17,600009,11:14
2016-03-17,300451,10:47
2016-03-17,002144,14:06
2016-03-17,002340,11:23
2016-03-17,002752,13:19
2016-03-17,000558,13:37
2016-03-17,600277,13:38
2016-03-17,002516,14:06
2016-03-17,600804,13:39
2016-03-17,300175,14:23
2016-03-17,600660,13:15
2016-03-17,000559,13:42
2016-03-17,300473,13:57
2016-03-17,300042,13:48
2016-03-17,600522,13:24
2016-03-17,002100,11:29
2016-03-17,002324,11:03
2016-03-17,002114,13:14
2016-03-17,300398,13:51
2016-03-17,002058,14:02
2016-03-17,600449,13:18
2016-03-17,600456,10:48
2016-03-17,600868,10:40
2016-03-17,002589,11:04
2016-03-17,600896,14:25
2016-03-17,002147,10:44
2016-03-17,002658,13:15
2016-03-17,601208,13:56
2016-03-17,600078,14:18
2016-03-17,300106,10:45
2016-03-17,002756,10:34
2016-03-17,000687,13:19
2016-03-17,601766,13:52
2016-03-17,002008,13:52
2016-03-17,002322,10:34
2016-03-17,002480,11:21
2016-03-17,300114,10:33
2016-03-17,600309,11:07
2016-03-17,600961,13:54
2016-03-17,600647,14:16
2016-03-17,600808,13:42
2016-03-17,600456,11:16
2016-03-17,002381,11:09
2016-03-17,600139,14:12
2016-03-17,300059,14:27
2016-03-17,300414,10:43
2016-03-17,600053,13:19
2016-03-17,002384,13:08
2016-03-17,300278,13:44
2016-03-17,300293,14:13
2016-03-17,600827,13:16
2016-03-17,000928,10:34
2016-03-17,000888,14:19
2016-03-17,300003,14:24
2016-03-17,300225,10:56
2016-03-17,002400,10:56
2016-03-17,300012,11:13
2016-03-17,600083,14:11
2016-03-17,300363,10:57
2016-03-17,601989,13:56
2016-03-17,601515,13:31
2016-03-17,600898,14:19
2016-03-17,000822,13:18
2016-03-17,000423,13:51
2016-03-17,000909,11:02
2016-03-17,002671,10:43
2016-03-17,600076,14:21
2016-03-17,600851,10:52
2016-03-17,600248,11:07
2016-03-17,000511,13:27
2016-03-17,002708,13:30
2016-03-17,002543,14:30
2016-03-17,002088,14:05
2016-03-17,000407,10:44
2016-03-17,300327,10:44
2016-03-17,601336,10:54
2016-03-17,601126,10:36
2016-03-17,300122,10:39
2016-03-17,300353,11:17
2016-03-17,002088,13:09
2016-03-17,000507,14:29
2016-03-17,601188,14:06
2016-03-17,300177,11:20
2016-03-17,300178,11:07
2016-03-17,300206,13:49
2016-03-17,002309,10:57
2016-03-17,600461,13:44
2016-03-17,000803,11:17
2016-03-17,002540,14:03
2016-03-17,000798,13:05
2016-03-17,601010,13:03
2016-03-17,002256,13:27
2016-03-17,002692,14:22
2016-03-17,600784,14:22
2016-03-17,600219,13:53
2016-03-17,002462,13:59
2016-03-17,300492,13:08
2016-03-17,000983,13:57
2016-03-17,300302,13:29
2016-03-17,000822,10:57
2016-03-17,002522,11:27
2016-03-17,002620,10:53
2016-03-17,300351,13:17
2016-03-17,600297,13:43
2016-03-17,002725,14:30
2016-03-17,300274,13:14
2016-03-17,002305,14:06
2016-03-17,002296,10:43
2016-03-17,601113,13:33
2016-03-17,603608,10:57
2016-03-17,000020,10:39
2016-03-17,300460,10:37
2016-03-17,002538,13:58
2016-03-17,600624,14:01
2016-03-17,002328,10:38
2016-03-17,600748,14:29
2016-03-17,002304,14:29
2016-03-17,002377,14:07
2016-03-17,300090,10:42
2016-03-17,000061,10:40
2016-03-17,000584,13:29
2016-03-17,002386,10:37
2016-03-17,000686,11:06
2016-03-17,000652,13:29
2016-03-17,000777,10:59
2016-03-17,000889,14:13
2016-03-17,300075,11:07
2016-03-17,600391,13:59
2016-03-17,300062,10:33
2016-03-17,002159,14:22
2016-03-17,601766,13:02
2016-03-17,002328,10:45
2016-03-17,600515,14:24
2016-03-17,002128,14:28
2016-03-17,000720,13:28
2016-03-17,002479,13:39
2016-03-17,600900,13:49
2016-03-17,600483,11:05
2016-03-17,300167,11:02
2016-03-17,600335,11:22
2016-03-17,002585,13:06
2016-03-17,000692,13:29
2016-03-17,002732,13:57
2016-03-17,000807,11:23
2016-03-17,300112,13:49
2016-03-17,000509,10:57
2016-03-17,002162,14:01
2016-03-17,600400,14:20
2016-03-17,002076,11:18
2016-03-17,600348,10:59
2016-03-17,000609,14:03
2016-03-17,000509,13:33
2016-03-17,600569,11:00
2016-03-17,300390,11:03
2016-03-17,000425,11:21
2016-03-17,300439,13:24
2016-03-17,600827,14:13
2016-03-17,002249,14:07
2016-03-17,600884,10:40
2016-03-17,002227,11:12
2016-03-17,000022,13:55
2016-03-17,601368,10:35
2016-03-17,002617,14:00
2016-03-17,002378,13:14
2016-03-17,300039,10:40
2016-03-17,000783,13:01
2016-03-17,603885,14:14
2016-03-17,000597,14:14
2016-03-17,600114,13:40
2016-03-17,600701,10:48
2016-03-17,002779,14:27
2016-03-17,603198,13:55
2016-03-17,600410,13:53
2016-03-17,002077,14:07
2016-03-17,600655,14:06
2016-03-17,000631,14:08
2016-03-17,600432,11:01
2016-03-17,000598,13:13
2016-03-17,000036,11:00
2016-03-17,300002,14:21
2016-03-17,600618,13:06
2016-03-17,000089,11:28
2016-03-17,002406,10:39
2016-03-17,600448,13:54
2016-03-17,603227,13:46
2016-03-17,002685,13:30
2016-03-17,300444,10:34
2016-03-17,000011,13:47
2016-03-17,601998,14:15
2016-03-17,601800,13:21
2016-03-17,600891,10:55
2016-03-17,600477,11:08
2016-03-17,000758,13:35
2016-03-17,002663,14:28
2016-03-17,002628,14:03
2016-03-17,002214,13:24
2016-03-17,300088,10:45
2016-03-17,600186,14:22
2016-03-17,300148,14:16
2016-03-17,601111,13:27
2016-03-17,000797,14:01
2016-03-17,300222,10:34
2016-03-17,600083,14:03
2016-03-17,002589,14:05
2016-03-17,601333,13:05
2016-03-17,600865,11:21
2016-03-17,002240,14:12
2016-03-17,002705,13:16
2016-03-17,600978,14:27
2016-03-17,000561,13:50
2016-03-17,600525,14:02
2016-03-17,002645,14:00
2016-03-17,002220,10:59
2016-03-17,600982,13:42
2016-03-17,000792,14:14
2016-03-17,000505,13:06
2016-03-17,600805,13:45
2016-03-17,601318,13:12
2016-03-17,000672,13:54
2016-03-17,600528,10:47
2016-03-17,002357,11:27
2016-03-17,000027,14:00
2016-03-17,600528,13:33
2016-03-17,002322,11:25
2016-03-17,300338,13:24
2016-03-17,002199,13:56
2016-03-17,600012,13:26
2016-03-17,300139,13:03
2016-03-17,000697,11:19
2016-03-17,600516,14:29
2016-03-17,002166,10:44
2016-03-17,002185,10:56
2016-03-17,600601,11:20
2016-03-17,300162,13:34
2016-03-17,601166,13:42
2016-03-17,002610,14:15
2016-03-17,300348,13:09
2016-03-17,002499,11:24
2016-03-17,300353,14:26
2016-03-17,600476,10:39
2016-03-17,002577,10:45
2016-03-17,002654,13:35
2016-03-17,000839,10:57
2016-03-17,000032,10:41
2016-03-17,600966,14:23
2016-03-17,000876,11:25
2016-03-17,300175,14:07
2016-03-17,000911,10:40
2016-03-17,002654,11:15
2016-03-16,600359,11:09
2016-03-16,600295,13:16
2016-03-16,000551,11:10
2016-03-16,000626,13:14
2016-03-16,600864,10:59
2016-03-16,300399,13:03
2016-03-16,600313,14:22
2016-03-16,002738,14:06
2016-03-16,600192,11:26
2016-03-16,600121,10:34
2016-03-16,002278,13:56
2016-03-16,600686,13:23
2016-03-16,600133,13:36
2016-03-16,600517,10:50
2016-03-16,603377,13:12
2016-03-16,000886,11:09
2016-03-16,002074,10:45
2016-03-16,000045,13:10
2016-03-16,002500,13:44
2016-03-16,300163,14:19
2016-03-16,300152,13:49
2016-03-16,002154,10:55
2016-03-16,300223,10:41
2016-03-16,002571,13:04
2016-03-16,600808,11:28
2016-03-16,002563,11:11
2016-03-16,600545,10:35
2016-03-16,600158,14:06
2016-03-16,600202,14:21
2016-03-16,300058,11:11
2016-03-16,603158,11:16
2016-03-16,600039,13:57
2016-03-16,600258,13:06
2016-03-16,000632,13:57
2016-03-16,600811,13:27
2016-03-16,300017,10:40
2016-03-16,000961,14:26
2016-03-16,600175,11:04
2016-03-16,000022,13:50
2016-03-16,000795,13:52
2016-03-16,600309,14:12
2016-03-16,000503,14:07
2016-03-16,002119,13:17
2016-03-16,000029,11:22
2016-03-16,300316,10:51
2016-03-16,300033,14:03
2016-03-16,300494,14:27
2016-03-16,002740,11:04
2016-03-16,002359,14:30
2016-03-16,600510,11:28
2016-03-16,600812,10:55
2016-03-16,600196,10:48
2016-03-16,600298,13:44
2016-03-16,002426,14:19
2016-03-16,600435,14:02
2016-03-16,000779,10:48
2016-03-16,002750,11:17
2016-03-16,002066,14:29
2016-03-16,002657,10:48
2016-03-16,002528,13:26
2016-03-16,000544,13:17
2016-03-16,601390,13:14
2016-03-16,601918,13:31
2016-03-16,002331,13:39
2016-03-16,000031,10:48
2016-03-16,600704,14:22
2016-03-16,600543,11:17
2016-03-16,002457,13:44
2016-03-16,000720,14:11
2016-03-16,002699,13:47
2016-03-16,000688,13:08
2016-03-16,300442,13:10
2016-03-16,000598,13:50
2016-03-16,002540,10:58
2016-03-16,600082,14:20
2016-03-16,300142,13:31
2016-03-16,000423,13:50
2016-03-16,000599,10:53
2016-03-16,600099,10:59
2016-03-16,300281,11:23
2016-03-16,300370,11:27
2016-03-16,002657,10:58
2016-03-16,000673,11:10
2016-03-16,601866,11:26
2016-03-16,601311,10:35
2016-03-16,002199,10:30
2016-03-16,600439,13:32
2016-03-16,000637,10:41
2016-03-16,600535,14:17
2016-03-16,600636,13:34
2016-03-16,002738,13:19
2016-03-16,300467,14:02
2016-03-16,000166,11:01
2016-03-16,600898,11:11
2016-03-16,600550,10:43
2016-03-16,002766,10:36
2016-03-16,300273,11:02
2016-03-16,603006,14:06
2016-03-16,601991,13:07
2016-03-16,000629,14:23
2016-03-16,000596,10:34
2016-03-16,002285,14:15
2016-03-16,000150,14:17
2016-03-16,300455,13:29
2016-03-16,000338,10:51
2016-03-16,002304,10:56
2016-03-16,600722,10:58
2016-03-16,002094,14:01
2016-03-16,002678,10:53
2016-03-16,000078,10:53
2016-03-16,603936,14:01
2016-03-16,603223,10:38
2016-03-16,600864,13:39
2016-03-16,300170,10:53
2016-03-16,600640,10:59
2016-03-16,000900,13:37
2016-03-16,002640,10:46
2016-03-16,002228,11:19
2016-03-16,000816,14:19
2016-03-16,600706,13:25
2016-03-16,300009,11:25
2016-03-16,600139,13:15
2016-03-16,300044,13:23
2016-03-16,002679,10:41
2016-03-16,600620,14:22
2016-03-16,300252,13:16
2016-03-16,600048,10:41
2016-03-16,600736,13:23
2016-03-16,300445,11:13
2016-03-16,600198,14:29
2016-03-16,600697,11:09
2016-03-16,002721,13:13
2016-03-16,600361,10:32
2016-03-16,002199,10:55
2016-03-16,600807,13:40
2016-03-16,600309,13:07
2016-03-16,000969,13:02
2016-03-16,002452,13:16
2016-03-16,600356,13:54
2016-03-16,600300,11:19
2016-03-16,601002,11:23
2016-03-16,300457,14:28
2016-03-16,300259,13:54
2016-03-16,000948,14:02
2016-03-16,600410,10:40
2016-03-16,002301,11:05
2016-03-16,002278,11:14
2016-03-16,300408,10:49
2016-03-16,600053,13:13
2016-03-16,600616,10:43
2016-03-16,300049,13:04
2016-03-16,002479,11:09
2016-03-16,002733,11:11
2016-03-16,000726,13:16
2016-03-16,600477,10:36
2016-03-16,600697,13:05
2016-03-16,002135,11:23
2016-03-16,600232,14:05
2016-03-16,002653,11:07
2016-03-16,600072,13:44
2016-03-16,300281,10:49
2016-03-16,600590,14:18
2016-03-16,002486,10:38
2016-03-16,002005,13:50
2016-03-16,002092,10:54
2016-03-16,002778,14:17
2016-03-16,300037,14:10
2016-03-16,000976,11:10
2016-03-16,601339,11:19
2016-03-16,600867,13:01
2016-03-16,002616,11:03
2016-03-16,002083,14:22
2016-03-16,000973,14:13
2016-03-16,300224,11:24
2016-03-16,000691,10:47
2016-03-16,600844,10:30
2016-03-16,600718,14:26
2016-03-16,002013,13:02
2016-03-16,300008,10:50
2016-03-16,002399,13:41
2016-03-16,600376,14:06
2016-03-16,600085,14:04
2016-03-16,002475,13:45
2016-03-16,600958,10:35
2016-03-16,000425,13:51
2016-03-16,002066,11:27
2016-03-16,600234,14:25
2016-03-16,002381,14:29
2016-03-16,600689,13:27
2016-03-16,600280,14:24
2016-03-16,002028,13:39
2016-03-16,600699,11:08
2016-03-16,600858,13:46
2016-03-16,002650,13:46
2016-03-16,002664,11:17
2016-03-16,002054,14:17
2016-03-16,600796,13:46
2016-03-16,002369,13:08
2016-03-16,000935,14:20
2016-03-16,002098,14:18
2016-03-16,000880,11:12
2016-03-16,002597,14:12
2016-03-16,300088,13:40
2016-03-16,002670,11:23
2016-03-16,000909,13:33
2016-03-16,002679,10:59
2016-03-16,600225,11:16
2016-03-16,600893,13:27
2016-03-16,300263,11:25
2016-03-16,000012,13:48
2016-03-16,002559,14:17
2016-03-16,000750,11:02
2016-03-16,002111,10:48
2016-03-16,600019,13:23
2016-03-16,600372,10:59
2016-03-16,000700,13:03
2016-03-16,000568,13:52
2016-03-16,600678,13:02
2016-03-16,000889,13:01
2016-03-16,601800,13:01
2016-03-16,601038,14:13
2016-03-16,603778,14:01
2016-03-16,600415,13:56
2016-03-16,000631,11:01
2016-03-16,600844,10:35
2016-03-16,600478,13:34
2016-03-16,002768,10:48
2016-03-16,600495,13:24
2016-03-16,002329,11:00
2016-03-16,002182,13:58
2016-03-16,002007,11:01
2016-03-16,601965,11:13
2016-03-16,002456,11:04
2016-03-16,600082,10:30
2016-03-16,600824,13:16
2016-03-16,000584,11:28
2016-03-16,000565,13:31
2016-03-16,002233,10:32
2016-03-16,000972,14:04
2016-03-16,000703,14:19
2016-03-16,600328,13:25
2016-03-16,000795,14:10
2016-03-16,603996,13:04
2016-03-16,002761,13:20
2016-03-16,002378,13:46
2016-03-16,603599,14:23
2016-03-16,000911,10:55
2016-03-16,300400,11:02
2016-03-16,601727,14:16
2016-03-16,300150,10:32
2016-03-16,000157,14:25
2016-03-16,600325,10:39
2016-03-16,600255,10:36
2016-03-16,600622,10:40
2016-03-16,300129,10:38
2016-03-16,000831,10:52
2016-03-16,000892,14:11
2016-03-16,600846,11:20
2016-03-16,600766,14:25
2016-03-16,600133,11:24
2016-03-16,002473,14:04
2016-03-15,300386,14:26
2016-03-15,002731,13:04
2016-03-15,600824,14:23
2016-03-15,600661,11:13
2016-03-15,601318,11:25
2016-03-15,603999,13:50
2016-03-15,600119,13:40
2016-03-15,300443,10:55
2016-03-15,600072,14:03
2016-03-15,002077,13:41
2016-03-15,600312,13:41
2016-03-15,300276,11:09
2016-03-15,002572,11:02
2016-03-15,601928,13:01
2016-03-15,300264,11:17
2016-03-15,600525,14:01
2016-03-15,601166,11:09
2016-03-15,002617,13:58
2016-03-15,002601,10:57
2016-03-15,600496,11:05
2016-03-15,600624,10:37
2016-03-15,601677,11:13
2016-03-15,002045,10:32
2016-03-15,300126,13:33
2016-03-15,000021,13:28
2016-03-15,600227,10:57
2016-03-15,600115,11:06
2016-03-15,300234,14:23
2016-03-15,601106,14:29
2016-03-15,300192,14:21
2016-03-15,600490,14:04
2016-03-15,601106,10:41
2016-03-15,002650,13:24
2016-03-15,000811,13:27
2016-03-15,600841,11:07
2016-03-15,300144,14:22
2016-03-15,002123,13:41
2016-03-15,300237,13:52
2016-03-15,300379,11:27
2016-03-15,002133,11:14
2016-03-15,600285,14:24
2016-03-15,603003,14:08
2016-03-15,601016,11:08
2016-03-15,601222,11:21
2016-03-15,000800,10:44
2016-03-15,600191,14:13
2016-03-15,600061,13:09
2016-03-15,002097,13:37
2016-03-15,002251,10:36
2016-03-15,002625,11:27
2016-03-15,300033,11:18
2016-03-15,002480,10:40
2016-03-15,300263,11:22
2016-03-15,600693,10:55
2016-03-15,002406,10:39
2016-03-15,000518,10:41
2016-03-15,600633,13:56
2016-03-15,300294,11:04
2016-03-15,300068,13:46
2016-03-15,601866,14:20
2016-03-15,002083,10:32
2016-03-15,300461,11:16
2016-03-15,002640,14:00
2016-03-15,000950,10:56
2016-03-15,000789,14:17
2016-03-15,600035,10:33
2016-03-15,002547,10:36
2016-03-15,600498,13:21
2016-03-15,300312,13:29
2016-03-15,002008,13:08
2016-03-15,000786,14:10
2016-03-15,002603,13:03
2016-03-15,600838,13:24
2016-03-15,002452,14:10
2016-03-15,002483,13:57
2016-03-15,002319,10:35
2016-03-15,002007,14:24
2016-03-15,002401,14:11
2016-03-15,000922,13:49
2016-03-15,601798,11:26
2016-03-15,000707,14:04
2016-03-15,000761,13:17
2016-03-15,000619,13:07
2016-03-15,600226,13:01
2016-03-15,601218,11:17
2016-03-15,002226,11:20
2016-03-15,601177,10:31
2016-03-15,300418,13:37
2016-03-15,600061,11:11
2016-03-15,300084,11:25
2016-03-15,600392,13:39
2016-03-15,002054,14:30
2016-03-15,000691,13:41
2016-03-15,300496,13:02
2016-03-15,600830,11:13
2016-03-15,002733,10:46
2016-03-15,300334,10:40
2016-03-15,000949,14:25
2016-03-15,300306,13:40
2016-03-15,002115,10:34
2016-03-15,300131,13:21
2016-03-15,600104,10:54
2016-03-15,600864,13:42
2016-03-15,600705,14:17
2016-03-15,600563,13:14
2016-03-15,300026,13:54
2016-03-15,300088,14:16
2016-03-15,600470,14:02
2016-03-15,002360,14:29
2016-03-15,002472,10:35
2016-03-15,002262,10:32
2016-03-15,600368,13:28
2016-03-15,002053,13:23
2016-03-15,002565,10:57
2016-03-15,600738,13:12
2016-03-15,000983,13:05
2016-03-15,300332,10:42
2016-03-15,000885,14:04
2016-03-15,300088,14:22
2016-03-15,002561,14:02
2016-03-15,002156,13:32
2016-03-15,000563,11:20
2016-03-15,002575,14:10
2016-03-15,000948,13:20
2016-03-15,000826,13:25
2016-03-15,600841,13:34
2016-03-15,600797,11:12
2016-03-15,000039,13:51
2016-03-15,002063,13:53
2016-03-15,002550,14:30
2016-03-15,002256,14:15
2016-03-15,002115,13:02
2016-03-15,000819,13:03
2016-03-15,601118,11:20
2016-03-15,002148,10:40
2016-03-15,600760,13:10
2016-03-15,600589,11:26
2016-03-15,002068,11:10
2016-03-15,002220,13:22
2016-03-15,002500,14:16
2016-03-15,600131,11:20
2016-03-15,000404,13:24
2016-03-15,002705,11:00
2016-03-15,000429,13:51
2016-03-15,000017,10:52
2016-03-15,002064,14:27
2016-03-15,002550,13:36
2016-03-15,002104,10:42
2016-03-15,002676,13:01
2016-03-15,300074,11:23
2016-03-15,002448,13:09
2016-03-15,601699,14:15
2016-03-15,000423,13:53
2016-03-15,000988,14:29
2016-03-15,002148,13:54
2016-03-15,002166,14:09
2016-03-15,000790,10:48
2016-03-15,600459,14:18
2016-03-15,002665,14:30
2016-03-15,000898,13:50
2016-03-15,300194,13:31
2016-03-15,002726,10:54
2016-03-15,601777,13:48
2016-03-15,002380,14:26
2016-03-15,000631,13:03
2016-03-15,002583,10:55
2016-03-15,000547,13:41
2016-03-15,600076,10:46
2016-03-15,002750,10:45
2016-03-15,000912,13:26
2016-03-15,002632,13:31
2016-03-15,002775,10:36
2016-03-15,002185,11:27
2016-03-15,600730,11:11
2016-03-15,600708,13:54
2016-03-15,603116,11:00
2016-03-15,600528,10:39
2016-03-15,002664,11:00
2016-03-15,600196,13:45
2016-03-15,002510,14:02
2016-03-15,002375,13:18
2016-03-15,600645,13:57
2016-03-15,600727,13:14
2016-03-15,600282,10:50
2016-03-15,002528,14:29
2016-03-15,600528,14:24
2016-03-15,600231,13:31
2016-03-15,002559,14:26
2016-03-15,600795,10:37
2016-03-15,600543,14:25
2016-03-15,601628,14:00
2016-03-15,600652,13:12
2016-03-15,600884,13:11
2016-03-15,000838,13:23
2016-03-15,300306,13:11
2016-03-15,600028,11:16
2016-03-15,600521,11:19
2016-03-15,300142,10:41
2016-03-15,000682,14:05
2016-03-15,000917,13:45
2016-03-15,600095,10:54
2016-03-15,600614,13:21
2016-03-15,002635,14:11
2016-03-15,600239,13:01
2016-03-15,002773,10:37
2016-03-15,002428,10:46
2016-03-15,300095,10:31
2016-03-15,000712,10:52
2016-03-15,603899,10:37
2016-03-15,000011,13:28
2016-03-15,601777,14:10
2016-03-15,600841,14:15
2016-03-15,300500,10:46
2016-03-15,002562,11:26
2016-03-15,600839,11:20
2016-03-15,600705,13:59
2016-03-15,300162,14:06
2016-03-15,601258,14:10
2016-03-15,002429,10:52
2016-03-15,300021,13:02
2016-03-15,000501,11:22
2016-03-15,603766,10:47
2016-03-15,002644,13:43
2016-03-15,600196,13:08
2016-03-15,600159,13:59
2016-03-15,002688,11:21
2016-03-15,600005,13:24
2016-03-15,002222,11:19
2016-03-15,600886,10:35
2016-03-15,000597,14:27
2016-03-15,002179,11:19
2016-03-15,000333,14:10
2016-03-15,601005,11:10
2016-03-15,300147,10:35
2016-03-15,002163,13:07
2016-03-14,300127,11:13
2016-03-14,002663,13:15
2016-03-14,300245,13:48
2016-03-14,300068,14:02
2016-03-14,300022,11:08
2016-03-14,600266,13:12
2016-03-14,002523,10:37
2016-03-14,002230,13:11
2016-03-14,300254,10:42
2016-03-14,600397,11:24
2016-03-14,000008,11:27
2016-03-14,600812,13:10
2016-03-14,300501,13:24
2016-03-14,002419,11:11
2016-03-14,002672,13:05
2016-03-14,300093,13:58
2016-03-14,600698,10:58
2016-03-14,300067,13:24
2016-03-14,000537,10:56
2016-03-14,600662,14:24
2016-03-14,000623,14:28
2016-03-14,600679,11:24
2016-03-14,600020,13:40
2016-03-14,600366,10:47
2016-03-14,601965,11:03
2016-03-14,002147,13:45
2016-03-14,002772,10:52
2016-03-14,000537,13:52
2016-03-14,601377,13:11
2016-03-14,601618,13:15
2016-03-14,600560,14:22
2016-03-14,000049,13:33
2016-03-14,002129,10:50
2016-03-14,002395,13:44
2016-03-14,300424,10:56
2016-03-14,002570,10:44
2016-03-14,601588,14:07
2016-03-14,600760,14:04
2016-03-14,000597,13:25
2016-03-14,002335,11:09
2016-03-14,300108,10:53
2016-03-14,600135,13:39
2016-03-14,603012,10:56
2016-03-14,600596,14:21
2016-03-14,002470,13:47
2016-03-14,600547,13:11
2016-03-14,600166,13:27
2016-03-14,600827,11:06
2016-03-14,600066,11:09
2016-03-14,300258,10:41
2016-03-14,600161,10:47
2016-03-14,300341,10:49
2016-03-14,002388,14:16
2016-03-14,002571,14:12
2016-03-14,600460,13:21
2016-03-14,002517,11:23
2016-03-14,300172,11:21
2016-03-14,000789,14:24
2016-03-14,000786,10:35
2016-03-14,002152,11:03
2016-03-14,000559,13:48
2016-03-14,002278,14:05
2016-03-14,600889,14:26
2016-03-14,600169,13:38
2016-03-14,002410,14:11
2016-03-14,600005,10:41
2016-03-14,600619,11:11
2016-03-14,601021,14:27
2016-03-14,000667,14:12
2016-03-14,000338,13:11
2016-03-14,002290,13:54
2016-03-14,300475,10:46
2016-03-14,600076,10:31
2016-03-14,001896,13:57
2016-03-14,600827,13:01
2016-03-14,002087,14:29
2016-03-14,002176,11:10
2016-03-14,000820,13:57
2016-03-14,600580,11:28
2016-03-14,002328,13:33
2016-03-14,000564,14:20
2016-03-14,300126,14:07
2016-03-14,300228,10:42
2016-03-14,300180,13:56
2016-03-14,300109,11:20
2016-03-14,000411,13:54
2016-03-14,600792,14:06
2016-03-14,600115,10:48
2016-03-14,300010,14:10
2016-03-14,600592,14:13
2016-03-14,600391,13:40
2016-03-14,000070,14:19
2016-03-14,002472,11:02
2016-03-14,000410,13:44
2016-03-14,300085,14:00
2016-03-14,600418,10:54
2016-03-14,300094,13:47
2016-03-14,300173,10:40
2016-03-14,601933,10:45
2016-03-14,002154,14:11
2016-03-14,002479,13:01
2016-03-14,300134,10:36
2016-03-14,000676,14:11
2016-03-14,300124,13:55
2016-03-14,300329,13:24
2016-03-14,002709,14:21
2016-03-14,002514,14:06
2016-03-14,300363,13:10
2016-03-14,000560,10:41
2016-03-14,002474,14:23
2016-03-14,300459,11:22
2016-03-14,300178,10:39
2016-03-14,600057,13:21
2016-03-14,600519,11:14
2016-03-14,000923,10:42
2016-03-14,600886,14:19
2016-03-14,900903,10:39
2016-03-14,000657,13:34
2016-03-14,000671,13:18
2016-03-14,600175,11:08
2016-03-14,600726,13:53
2016-03-14,601021,11:14
2016-03-14,002107,14:13
2016-03-14,600279,14:17
2016-03-14,002302,13:55
2016-03-14,000716,14:05
2016-03-14,300067,13:27
2016-03-14,000576,13:19
2016-03-14,002367,13:53
2016-03-14,300111,11:27
2016-03-14,000547,11:25
2016-03-14,000959,13:55
2016-03-14,000697,10:33
2016-03-14,002282,11:04
2016-03-14,601155,11:28
2016-03-14,300173,14:27
2016-03-14,600649,14:26
2016-03-14,300167,13:12
2016-03-14,002280,11:17
2016-03-14,002738,10:55
2016-03-14,002508,14:16
2016-03-14,000070,14:13
2016-03-14,002727,10:44
2016-03-14,603019,13:02
2016-03-14,000078,13:16
2016-03-14,002546,14:30
2016-03-14,600328,13:14
2016-03-14,300444,14:26
2016-03-14,600108,10:40
2016-03-14,000671,10:55
2016-03-14,600259,13:05
2016-03-14,600973,13:03
2016-03-14,002060,14:14
2016-03-14,002409,10:53
2016-03-14,002709,10:59
2016-03-14,600114,11:11
2016-03-14,600850,13:16
2016-03-14,000090,13:54
2016-03-14,600449,13:49
2016-03-14,600493,11:18
2016-03-14,300322,11:02
2016-03-14,002148,13:21
2016-03-14,603818,13:19
2016-03-14,002080,10:55
2016-03-14,002782,13:04
2016-03-14,600097,13:45
2016-03-14,002305,14:25
2016-03-14,002380,14:02
2016-03-14,600545,10:45
2016-03-14,000828,11:28
2016-03-14,600995,13:04
2016-03-14,600415,14:01
2016-03-14,000561,13:07
2016-03-14,002615,10:58
2016-03-14,600743,13:50
2016-03-14,900929,13:31
2016-03-14,600419,13:47
2016-03-14,600676,14:17
2016-03-14,000782,14:04
2016-03-14,000789,13:35
2016-03-14,002746,13:27
2016-03-14,600089,13:08
2016-03-14,300113,10:58
2016-03-14,300322,13:43
2016-03-14,300113,13:47
2016-03-14,600883,14:00
2016-03-14,600403,14:17
2016-03-14,300047,10:44
2016-03-14,603609,10:32
2016-03-14,000897,13:07
2016-03-14,600086,10:41
2016-03-14,300018,13:41
2016-03-14,000022,10:37
2016-03-14,000049,11:06
2016-03-14,002329,11:02
2016-03-14,300245,14:12
2016-03-14,600712,14:03
2016-03-14,300215,14:26
2016-03-14,600234,14:07
2016-03-14,300096,11:07
2016-03-14,300206,13:34
2016-03-14,002433,11:26
2016-03-14,002672,14:18
2016-03-14,600705,11:26
2016-03-14,600391,13:14
2016-03-14,002172,14:17
2016-03-14,002502,14:22
2016-03-14,002144,13:26
2016-03-14,000955,10:34
2016-03-14,600898,10:41
2016-03-14,002761,11:13
2016-03-14,000713,14:19
2016-03-14,601000,13:48
2016-03-14,000848,14:04
2016-03-14,600169,11:16
2016-03-14,600178,14:04
2016-03-14,000687,13:21
2016-03-14,000735,10:52
2016-03-14,600039,11:25
2016-03-14,002639,10:50
2016-03-14,002364,13:53
2016-03-14,002685,14:25
2016-03-14,300097,14:23
2016-03-14,002128,11:27
2016-03-14,600889,13:57
2016-03-14,002095,13:01
2016-03-14,603838,13:05
2016-03-14,300177,10:38
2016-03-14,300237,14:26
2016-03-14,600706,10:46
2016-03-14,600133,13:27
2016-03-14,300122,11:12
2016-03-14,000605,13:55
2016-03-14,600617,13:27
2016-03-14,000858,10:48
2016-03-14,601899,14:22
2016-03-14,600536,10:37
2016-03-14,603116,10:42
2016-03-14,600328,10:32
2016-03-14,002745,13:16
2016-03-14,300068,10:38
2016-03-14,002254,11:19
2016-03-14,600075,10:41
2016-03-14,000999,14:14
2016-03-14,601106,13:29
2016-03-14,300171,10:30
2016-03-14,600988,11:16
2016-03-14,600218,11:23
2016-03-14,603885,10:46
2016-03-14,000688,10:32
2016-03-14,000421,13:13
2016-03-14,002605,14:21
2016-03-14,600771,13:42
2016-03-14,600060,11:08
2016-03-14,002502,13:11
2016-03-14,000933,14:07
2016-03-14,600653,10:33
2016-03-14,002255,13:44
2016-03-14,601222,14:18
2016-03-14,000935,11:16
2016-03-14,600476,14:26
2016-03-14,002038,13:31
2016-03-14,300494,13:13
2016-03-14,002067,13:06
2016-03-14,601989,11:07
2016-03-14,002547,13:25
2016-03-14,002548,13:28
2016-03-14,002206,10:54
2016-03-14,600175,13:05
2016-03-14,000338,13:46
2016-03-14,600477,10:34
2016-03-14,002611,13:31
2016-03-14,002154,11:27
2016-03-14,000150,11:20
2016-03-14,603806,13:25
2016-03-14,300444,10:35
2016-03-14,600026,13:53
2016-03-14,002317,13:24
2016-03-11,002177,13:29
2016-03-11,002363,13:41
2016-03-11,600195,10:34
2016-03-11,002501,14:20
2016-03-11,600216,13:37
2016-03-11,600283,11:06
2016-03-11,002557,13:04
2016-03-11,600599,11:21
2016-03-11,600063,14:23
2016-03-11,300079,11:03
2016-03-11,600559,11:00
2016-03-11,002307,11:11
2016-03-11,601789,10:31
2016-03-11,600067,13:39
2016-03-11,600280,11:16
2016-03-11,000810,13:34
2016-03-11,300488,13:34
2016-03-11,600593,11:23
2016-03-11,600797,13:14
2016-03-11,601111,13:04
2016-03-11,000952,13:48
2016-03-11,300368,10:57
2016-03-11,600399,13:45
2016-03-11,300088,10:57
2016-03-11,600838,10:44
2016-03-11,600315,10:46
2016-03-11,002521,14:14
2016-03-11,000639,10:39
2016-03-11,600503,13:14
2016-03-11,300193,10:30
2016-03-11,002079,10:38
2016-03-11,603999,14:11
2016-03-11,002401,11:26
2016-03-11,000030,13:33
2016-03-11,002106,11:27
2016-03-11,600702,13:36
2016-03-11,300216,10:31
2016-03-11,002228,13:34
2016-03-11,601186,10:50
2016-03-11,600467,13:15
2016-03-11,002518,13:46
2016-03-11,002719,14:30
2016-03-11,002328,11:04
2016-03-11,600180,14:09
2016-03-11,600645,11:00
2016-03-11,000877,13:32
2016-03-11,601126,14:26
2016-03-11,603778,10:44
2016-03-11,000901,13:08
2016-03-11,000546,10:41
2016-03-11,000878,10:50
2016-03-11,600588,11:06
2016-03-11,603993,14:29
2016-03-11,000061,13:25
2016-03-11,002362,11:01
2016-03-11,600015,13:28
2016-03-11,002550,13:24
2016-03-11,002503,13:02
2016-03-11,300216,13:12
2016-03-11,600862,14:16
2016-03-11,600198,13:52
2016-03-11,600026,13:27
2016-03-11,601199,14:05
2016-03-11,300124,14:30
2016-03-11,002313,10:44
2016-03-11,600881,11:14
2016-03-11,603168,10:48
2016-03-11,002450,10:33
2016-03-11,300438,10:51
2016-03-11,002167,10:52
2016-03-11,601989,13:08
2016-03-11,002554,11:21
2016-03-11,601908,11:23
2016-03-11,600155,14:30
2016-03-11,000961,13:36
2016-03-11,600642,14:00
2016-03-11,002412,10:33
2016-03-11,002443,11:11
2016-03-11,601908,13:20
2016-03-11,300441,11:09
2016-03-11,601636,14:20
2016-03-11,300064,11:11
2016-03-11,600403,10:53
2016-03-11,002092,13:31
2016-03-11,603019,14:15
2016-03-11,000417,14:22
2016-03-11,000665,10:58
2016-03-11,600980,13:12
2016-03-11,002337,13:16
2016-03-11,600867,13:13
2016-03-11,000048,14:25
2016-03-11,603618,14:14
2016-03-11,002004,11:10
2016-03-11,600898,13:42
2016-03-11,603993,10:49
2016-03-11,000811,13:29
2016-03-11,601800,13:57
2016-03-11,000960,13:42
2016-03-11,300010,10:39
2016-03-11,600963,11:23
2016-03-11,600252,14:17
2016-03-11,002397,13:03
2016-03-11,603968,10:36
2016-03-11,600303,13:12
2016-03-11,601678,10:54
2016-03-11,600580,10:49
2016-03-11,600166,13:47
2016-03-11,600694,10:55
2016-03-11,600966,13:04
2016-03-11,600763,13:37
2016-03-11,000758,13:03
2016-03-11,600673,11:24
2016-03-11,002576,10:54
2016-03-11,002063,14:24
2016-03-11,002340,10:38
2016-03-11,600491,11:07
2016-03-11,300451,14:19
2016-03-11,603117,11:22
2016-03-11,002752,13:41
2016-03-11,002148,13:40
2016-03-11,002261,11:13
2016-03-11,002719,14:07
2016-03-11,600761,13:49
2016-03-11,002724,14:00
2016-03-11,002390,14:29
2016-03-11,000418,10:56
2016-03-11,002250,11:09
2016-03-11,300059,13:38
2016-03-11,300291,14:05
2016-03-11,600575,13:22
2016-03-11,600104,11:17
2016-03-11,002066,10:34
2016-03-11,000919,11:07
2016-03-11,002603,10:39
2016-03-11,300273,13:24
2016-03-11,000868,11:26
2016-03-11,300383,13:45
2016-03-11,600317,11:15
2016-03-11,600634,14:30
2016-03-11,600894,10:54
2016-03-11,600036,11:26
2016-03-11,000006,14:27
2016-03-11,002127,10:34
2016-03-11,002067,14:10
2016-03-11,000089,10:37
2016-03-11,000703,13:01
2016-03-11,002177,11:24
2016-03-11,000563,13:37
2016-03-11,600095,11:00
2016-03-11,002726,14:12
2016-03-11,000682,11:05
2016-03-11,600500,14:12
2016-03-11,000055,13:39
2016-03-11,002304,10:35
2016-03-11,000777,11:16
2016-03-11,000910,11:13
2016-03-11,600252,13:15
2016-03-11,600602,11:26
2016-03-11,600345,14:22
2016-03-11,002429,11:06
2016-03-11,600383,14:13
2016-03-11,002448,13:01
2016-03-11,000055,13:38
2016-03-11,002241,14:11
2016-03-11,300130,13:28
2016-03-11,000567,10:49
2016-03-11,000031,10:45
2016-03-11,002609,10:45
2016-03-11,300395,13:54
2016-03-11,002280,13:24
2016-03-11,600781,10:44
2016-03-11,002170,13:18
2016-03-11,002204,11:11
2016-03-11,600995,11:27
2016-03-11,600012,11:11
2016-03-11,601003,14:27
2016-03-11,600693,10:52
2016-03-11,600537,14:16
2016-03-11,601106,11:03
2016-03-11,601985,11:17
2016-03-11,600100,11:03
2016-03-11,300066,10:46
2016-03-11,600240,13:26
2016-03-11,000952,10:44
2016-03-11,000158,13:33
2016-03-11,600328,14:25
2016-03-11,002428,14:11
2016-03-11,300165,10:42
2016-03-11,600395,10:33
2016-03-11,600277,13:12
2016-03-11,600687,10:54
2016-03-11,000514,13:49
2016-03-11,002575,10:56
2016-03-11,600066,13:45
2016-03-11,600332,13:06
2016-03-11,000639,13:41
2016-03-11,000603,10:51
2016-03-11,600305,14:27
2016-03-11,600188,13:02
2016-03-11,300134,14:29
2016-03-11,600239,11:22
2016-03-11,300163,13:09
2016-03-11,600388,10:32
2016-03-11,300418,13:46
2016-03-11,601126,13:56
2016-03-11,002454,13:15
2016-03-11,600299,11:27
2016-03-11,002271,13:13
2016-03-11,000021,10:35
2016-03-11,300284,13:30
2016-03-11,300297,10:57
2016-03-11,002604,14:25
2016-03-11,002106,11:17
2016-03-11,600273,14:15
2016-03-11,300195,14:26
2016-03-11,002424,13:55
2016-03-11,002336,11:23
2016-03-11,600129,14:15
2016-03-11,600306,10:49
2016-03-11,002500,11:26
2016-03-11,002283,10:32
2016-03-11,300275,14:20
2016-03-11,000540,13:04
2016-03-11,000720,11:10
2016-03-11,002702,13:45
2016-03-11,300151,13:25
2016-03-11,600325,10:44
2016-03-11,601158,10:43
2016-03-11,601918,11:01
2016-03-11,600405,10:40
2016-03-11,000861,14:18
2016-03-10,000897,11:05
2016-03-10,000595,13:49
2016-03-10,002175,13:18
2016-03-10,300090,11:08
2016-03-10,002224,14:24
2016-03-10,600229,13:43
2016-03-10,600754,14:09
2016-03-10,300407,10:40
2016-03-10,600891,13:48
2016-03-10,600567,11:10
2016-03-10,600255,13:52
2016-03-10,002444,11:25
2016-03-10,601021,10:30
2016-03-10,000423,10:32
2016-03-10,002497,11:03
2016-03-10,000532,11:29
2016-03-10,002203,13:37
2016-03-10,600595,10:33
2016-03-10,002234,11:26
2016-03-10,002408,13:51
2016-03-10,600827,14:14
2016-03-10,002097,13:40
2016-03-10,300264,13:36
2016-03-10,002651,10:45
2016-03-10,000917,10:59
2016-03-10,601880,10:49
2016-03-10,300074,13:01
2016-03-10,300073,14:19
2016-03-10,600548,13:11
2016-03-10,000758,11:28
2016-03-10,000001,13:08
2016-03-10,002039,13:05
2016-03-10,002364,13:32
2016-03-10,000597,13:35
2016-03-10,600255,13:42
2016-03-10,600716,14:19
2016-03-10,002586,11:16
2016-03-10,002448,13:36
2016-03-10,002252,11:15
2016-03-10,600648,10:40
2016-03-10,600645,13:18
2016-03-10,002416,11:12
2016-03-10,002648,14:01
2016-03-10,603288,11:28
2016-03-10,002566,11:28
2016-03-10,600478,11:19
2016-03-10,600583,11:12
2016-03-10,600458,10:31
2016-03-10,000045,10:59
2016-03-10,600227,13:38
2016-03-10,600251,13:07
2016-03-10,600993,13:36
2016-03-10,600382,14:04
2016-03-10,002272,13:40
2016-03-10,002234,11:28
2016-03-10,300321,14:18
2016-03-10,000979,10:38
2016-03-10,300039,11:08
2016-03-10,000400,14:25
2016-03-10,002441,13:31
2016-03-10,000901,13:15
2016-03-10,603308,14:07
2016-03-10,002418,11:13
2016-03-10,002699,11:10
2016-03-10,601009,11:25
2016-03-10,000417,13:29
2016-03-10,000761,10:42
2016-03-10,601888,14:16
2016-03-10,000062,14:24
2016-03-10,300491,13:11
2016-03-10,600138,13:58
2016-03-10,002587,14:15
2016-03-10,000768,11:19
2016-03-10,600882,13:55
2016-03-10,000667,11:02
2016-03-10,600038,13:54
2016-03-10,600216,13:01
2016-03-10,002277,10:41
2016-03-10,002432,11:26
2016-03-10,002371,10:57
2016-03-10,000018,13:37
2016-03-10,600844,13:30
2016-03-10,300075,13:40
2016-03-10,002660,11:10
2016-03-10,900925,13:28
2016-03-10,000019,13:42
2016-03-10,002186,14:05
2016-03-10,600688,11:25
2016-03-10,002508,13:39
2016-03-10,600035,10:48
2016-03-10,002142,10:54
2016-03-10,002658,10:39
2016-03-10,600463,13:31
2016-03-10,300099,10:53
2016-03-10,000603,14:21
2016-03-10,300227,14:05
2016-03-10,600736,13:02
2016-03-10,600547,13:53
2016-03-10,002016,13:09
2016-03-10,002149,13:12
2016-03-10,000554,14:25
2016-03-10,600783,14:24
2016-03-10,002597,14:24
2016-03-10,601988,11:18
2016-03-10,002645,11:19
2016-03-10,600161,10:56
2016-03-10,002444,13:57
2016-03-10,601012,14:24
2016-03-10,000599,10:33
2016-03-10,002249,11:23
2016-03-10,600345,13:41
2016-03-10,600882,13:12
2016-03-10,002117,10:43
2016-03-10,002290,14:18
2016-03-10,002002,14:22
2016-03-10,600159,11:03
2016-03-10,000822,13:38
2016-03-10,300352,13:33
2016-03-10,600283,13:40
2016-03-10,600874,11:17
2016-03-10,600530,13:23
2016-03-10,600500,10:53
2016-03-10,603099,11:08
2016-03-10,002097,13:20
2016-03-10,600112,13:52
2016-03-10,600103,11:12
2016-03-10,002307,11:21
2016-03-10,600688,10:35
2016-03-10,300126,14:04
2016-03-10,002752,14:19
2016-03-10,300037,14:27
2016-03-10,600066,13:43
2016-03-10,000833,11:00
2016-03-10,002422,14:16
2016-03-10,000591,13:29
2016-03-10,300031,14:00
2016-03-10,600730,14:09
2016-03-10,000595,13:59
2016-03-10,600809,11:21
2016-03-10,600056,11:12
2016-03-10,300212,14:08
2016-03-10,300168,14:27
2016-03-10,601939,11:09
2016-03-10,600652,13:14
2016-03-10,600537,13:18
2016-03-10,600406,10:35
2016-03-10,600508,10:42
2016-03-10,603355,10:52
2016-03-10,600151,14:15
2016-03-10,300007,14:16
2016-03-10,000420,13:33
2016-03-10,300379,10:30
2016-03-10,000837,10:39
2016-03-10,000416,13:35
2016-03-10,002068,10:31
2016-03-10,002083,10:50
2016-03-10,000922,13:49
2016-03-10,600110,10:44
2016-03-10,300128,14:07
2016-03-10,601198,10:31
2016-03-10,002504,13:59
2016-03-10,300147,11:00
2016-03-10,600703,13:03
2016-03-10,002392,14:02
2016-03-10,002678,14:15
2016-03-10,600019,13:35
2016-03-10,002080,10:35
2016-03-10,600026,13:57
2016-03-10,300364,10:53
2016-03-10,601311,14:25
2016-03-10,900906,11:16
2016-03-10,300492,11:27
2016-03-10,600210,13:20
2016-03-10,300044,11:25
2016-03-10,000972,13:31
2016-03-10,300074,10:35
2016-03-10,600456,10:34
2016-03-10,000877,14:19
2016-03-10,002589,14:09
2016-03-10,000532,14:11
2016-03-10,600875,14:29
2016-03-10,002317,10:37
2016-03-10,002265,13:03
2016-03-10,300300,10:41
2016-03-10,600549,14:16
2016-03-10,600894,14:07
2016-03-10,000058,13:07
2016-03-10,000977,14:03
2016-03-10,002780,13:40
2016-03-10,600582,10:59
2016-03-10,600498,11:04
2016-03-10,600767,10:58
2016-03-10,002047,10:30
2016-03-10,002699,10:37
2016-03-10,300272,11:27
2016-03-10,600109,11:29
2016-03-10,002329,11:06
2016-03-10,300101,13:12
2016-03-10,600617,11:20
2016-03-10,600222,14:20
2016-03-10,002604,10:48
2016-03-10,000400,13:51
2016-03-10,002553,11:04
2016-03-10,600221,11:05
2016-03-10,002293,13:14
2016-03-10,002724,13:58
2016-03-10,601928,11:18
2016-03-10,300171,14:11
2016-03-10,601607,14:25
2016-03-10,002461,11:18
2016-03-10,300009,13:32
2016-03-10,600781,11:19
2016-03-10,601377,13:20
2016-03-10,002220,11:14
2016-03-10,002283,11:27
2016-03-10,002702,10:34
2016-03-10,600545,14:06
2016-03-10,600687,10:32
2016-03-10,603117,13:55
2016-03-10,002095,11:09
2016-03-10,600481,13:57
2016-03-10,600867,13:10
2016-03-10,601009,14:26
2016-03-10,300248,13:15
2016-03-10,300036,10:59
2016-03-10,603126,13:02
2016-03-10,002734,14:04
2016-03-10,000301,13:13
2016-03-10,000935,14:02
2016-03-10,300261,11:03